子集顺序,子集ID,子集名称,图纸顺序,图纸ID,图号,标题,DWG绝对路径（原始）,DWG相对路径,布局名称,布局Handle,备注,出图比例,设计人,图幅,校对人,专业负责人
1,gB57FF556-47FC-4F35-82BA-194F710F8547,0 封面,1,g6D6EA6C4-5079-4156-A8D9-2EBEBF3C5FD5,0000,封面,C:\test\GP-0000 封面.dwg,.\GP-0000 封面.dwg,0000 封面,43D,,- -,李恺琳,A2,李 涛,李涛 李恺琳
2,g3263887D-C5C7-4C4B-866F-351FD0155EE3,0 扉页,2,gBEDF4ADF-BE75-408D-B7F0-87D07261F7A7,0000,扉页,C:\test\GP-0000 扉页.dwg,.\GP-0000 扉页.dwg,0000 扉页,43D,,- -,李恺琳,A2,李 涛,李涛 李恺琳
3,gAC610F99-6F1B-41F3-A09D-8DF33F14BE12,1-5 图纸目录,3,g23B987DC-FEBD-479F-9202-F5836A441281,0001,图纸目录(一),C:\test\GP-0001-0005 图纸目录(一)-(五).dwg,.\GP-0001-0005 图纸目录(一)-(五).dwg,0001 图纸目录(一),6F9,,- -,李恺琳,A2,李 涛,李涛 李恺琳
3,gAC610F99-6F1B-41F3-A09D-8DF33F14BE12,1-5 图纸目录,4,g1D17FAB5-C404-4200-91A0-0C169C5A9768,0002,图纸目录(二),C:\test\GP-0001-0005 图纸目录(一)-(五).dwg,.\GP-0001-0005 图纸目录(一)-(五).dwg,0002 图纸目录(二),B58,,- -,李恺琳,A2,李 涛,李涛 李恺琳
3,gAC610F99-6F1B-41F3-A09D-8DF33F14BE12,1-5 图纸目录,5,gB4AD6D11-8497-4D7B-8F06-E683E203D906,0003,图纸目录(三),C:\test\GP-0001-0005 图纸目录(一)-(五).dwg,.\GP-0001-0005 图纸目录(一)-(五).dwg,0003 图纸目录(三),FAF,,- -,李恺琳,A2,李 涛,李涛 李恺琳
3,gAC610F99-6F1B-41F3-A09D-8DF33F14BE12,1-5 图纸目录,6,gC27E613E-07EB-4F90-96C7-002DA1615E34,0004,图纸目录(四),C:\test\GP-0001-0005 图纸目录(一)-(五).dwg,.\GP-0001-0005 图纸目录(一)-(五).dwg,0004 图纸目录(四),1406,,- -,李恺琳,A2,李 涛,李涛 李恺琳
3,gAC610F99-6F1B-41F3-A09D-8DF33F14BE12,1-5 图纸目录,7,g81AD2B60-E1E4-4ED0-BBC2-B3E20381A10F,0005,图纸目录(五),C:\test\GP-0001-0005 图纸目录(一)-(五).dwg,.\GP-0001-0005 图纸目录(一)-(五).dwg,0005 图纸目录(五),185D,,- -,李恺琳,A2,李 涛,李涛 李恺琳
4,g430F101A-7332-407F-81C3-5B4FB8F27F98,6-7 主要设备及材料表,8,gF34B23F6-EDAE-4498-B177-052C274E540F,0006,主要设备及材料表(一),C:\test\GP-0006-0007 主要设备及材料表(一)-(二).dwg,.\GP-0006-0007 主要设备及材料表(一)-(二).dwg,0006 主要设备及材料表(一),FBEA,,- -,张爽,A2,李 涛,曾静 张爽
4,g430F101A-7332-407F-81C3-5B4FB8F27F98,6-7 主要设备及材料表,9,g987BC38D-1BCF-47DA-A757-E42E305BAB91,0007,主要设备及材料表(二),C:\test\GP-0006-0007 主要设备及材料表(一)-(二).dwg,.\GP-0006-0007 主要设备及材料表(一)-(二).dwg,0007 主要设备及材料表(二),FEA8,,- -,张爽,A2,李 涛,曾静 张爽
5,gE63803E6-8688-41BE-ABAD-245994F19A9D,8-10 主要设备及材料表,10,g7024AD33-05F9-45D4-9895-D7AA3A649B59,0008,主要设备及材料表(三),C:\test\GP-0008-0010 主要设备及材料表(三)-(五).dwg,.\GP-0008-0010 主要设备及材料表(三)-(五).dwg,0008 主要设备及材料表(三),D72D,,- -,李恺琳,A2,李 涛,李涛 李恺琳
5,gE63803E6-8688-41BE-ABAD-245994F19A9D,8-10 主要设备及材料表,11,g8593E7BC-484E-4D08-8291-A1E83EAAAF1F,0009,主要设备及材料表(四),C:\test\GP-0008-0010 主要设备及材料表(三)-(五).dwg,.\GP-0008-0010 主要设备及材料表(三)-(五).dwg,0009 主要设备及材料表(四),DB1C,,- -,李恺琳,A2,李 涛,李涛 李恺琳
5,gE63803E6-8688-41BE-ABAD-245994F19A9D,8-10 主要设备及材料表,12,g40A38E76-B42F-4C28-AB6D-5D89FD430B24,0010,主要设备及材料表(五),C:\test\GP-0008-0010 主要设备及材料表(三)-(五).dwg,.\GP-0008-0010 主要设备及材料表(三)-(五).dwg,0010 主要设备及材料表(五),DF00,,- -,李恺琳,A2,李 涛,李涛 李恺琳
6,g23AFD425-3320-4247-8569-0E9B204F5671,11 主要设备及材料表,13,gF5749F79-261E-4829-9298-EF7EAEA34947,0011,主要设备及材料表(六),C:\test\GP-0011 主要设备及材料表(六).dwg,.\GP-0011 主要设备及材料表(六).dwg,0011 主要设备及材料表(六),C4A4,,- -,李东洋,A2,李 涛,李涛 李恺琳
7,gB3020A71-7D00-421B-BE54-E6E51C26C3FA,12 龙岗段综合管廊标准横断面图,14,g9523AE8B-7497-415F-ABFD-D31B8F1067D9,0012,龙岗段综合管廊标准横断面图(一),C:\test\GP-0012 龙岗段综合管廊标准横断面图(一).dwg,.\GP-0012 龙岗段综合管廊标准横断面图(一).dwg,0012 龙岗段综合管廊标准横断面图(一),C75B0,,- -,张爽,A2,李 涛,曾静 张爽
8,g1F51D988-61BF-4CDA-B66E-FD483F053BB8,13-15 龙岗段综合管廊标准横断面图,15,gE53B8BC6-F984-496F-8FB8-35C7C39D2864,0013,龙岗段综合管廊标准横断面图(二),C:\test\GP-0013-0015 龙岗段综合管廊标准横断面图(二)-(四).dwg,.\GP-0013-0015 龙岗段综合管廊标准横断面图(二)-(四).dwg,0013 龙岗段综合管廊标准横断面图(二),CC34A,,- -,李恺琳,A2,李 涛,李涛 李恺琳
8,g1F51D988-61BF-4CDA-B66E-FD483F053BB8,13-15 龙岗段综合管廊标准横断面图,16,gBC2C46C4-DCB9-45CD-8D44-23B88E20C8AD,0014,龙岗段综合管廊标准横断面图(三),C:\test\GP-0013-0015 龙岗段综合管廊标准横断面图(二)-(四).dwg,.\GP-0013-0015 龙岗段综合管廊标准横断面图(二)-(四).dwg,0014 龙岗段综合管廊标准横断面图(三),CC72D,,- -,李恺琳,A2,李 涛,李涛 李恺琳
8,g1F51D988-61BF-4CDA-B66E-FD483F053BB8,13-15 龙岗段综合管廊标准横断面图,17,gB1C922C2-26F5-419B-937E-DAEC6FDE28C1,0015,龙岗段综合管廊标准横断面图(四),C:\test\GP-0013-0015 龙岗段综合管廊标准横断面图(二)-(四).dwg,.\GP-0013-0015 龙岗段综合管廊标准横断面图(二)-(四).dwg,0015 龙岗段综合管廊标准横断面图(四),CCB05,,- -,李恺琳,A2,李 涛,李涛 李恺琳
9,gDC71530F-2ADA-4AB5-93B6-8ACCC315942D,16-18 坪山段综合管廊标准横断面图,18,gF38BCAA9-42E3-47D9-A5A1-8C8A5D46F17D,0016,坪山段综合管廊标准横断面图(一),C:\test\GP-0016-0018 坪山段综合管廊标准横断面图(一)-(三).dwg,.\GP-0016-0018 坪山段综合管廊标准横断面图(一)-(三).dwg,0016 坪山段综合管廊标准横断面图(一),A180C61,,- -,李恺琳,A2,李 涛,李涛 李恺琳
9,gDC71530F-2ADA-4AB5-93B6-8ACCC315942D,16-18 坪山段综合管廊标准横断面图,19,g0D752145-E917-4870-AA7F-73DFCC715DB1,0017,坪山段综合管廊标准横断面图(二),C:\test\GP-0016-0018 坪山段综合管廊标准横断面图(一)-(三).dwg,.\GP-0016-0018 坪山段综合管廊标准横断面图(一)-(三).dwg,0017 坪山段综合管廊标准横断面图(二),A18104E,,- -,李恺琳,A2,李 涛,李涛 李恺琳
9,gDC71530F-2ADA-4AB5-93B6-8ACCC315942D,16-18 坪山段综合管廊标准横断面图,20,gB8C138E0-3431-415B-8E02-0DAB957E9079,0018,坪山段综合管廊标准横断面图(三),C:\test\GP-0016-0018 坪山段综合管廊标准横断面图(一)-(三).dwg,.\GP-0016-0018 坪山段综合管廊标准横断面图(一)-(三).dwg,0018 坪山段综合管廊标准横断面图(三),A181430,,- -,李恺琳,A2,李 涛,李涛 李恺琳
10,g3837E325-FB65-4F2E-97CF-98783D489C20,19 坪山段综合管廊标准横断面图,21,gB1C3AEAE-90A6-425C-B5F7-82A50280435E,0019,坪山段综合管廊标准横断面图(四),C:\test\GP-0019 坪山段综合管廊标准横断面图(四).dwg,.\GP-0019 坪山段综合管廊标准横断面图(四).dwg,0019 坪山段综合管廊标准横断面图(四),A10FD2F,,- -,李东洋,A2,李 涛,李涛 李恺琳
11,gA446700F-BDEE-45E0-9E6D-726A570DCFFE,20 龙岗段给水管道总平面图,22,gE0EB0BB7-F4A9-4CDF-A2FE-AB8988A0DF21,0020,龙岗段给水管道总平面图,C:\test\GP-0020 龙岗段给水管道总平面图.dwg,.\GP-0020 龙岗段给水管道总平面图.dwg,0020 龙岗段给水管道总平面图,1E61FA,,- -,李恺琳,A2,李 涛,李涛 李恺琳
12,g3DD04012-ECA6-4A17-B2E3-0117FB9FC7C8,21 坪山段给水管道总平面图,23,gC2E67A97-B17E-4475-881E-2E7F1F2466B6,0021,坪山段给水管道总平面图,C:\test\GP-0021 坪山段给水管道总平面图.dwg,.\GP-0021 坪山段给水管道总平面图.dwg,0021 坪山段给水管道总平面图,101EAB9,,- -,李恺琳,A2,李 涛,李涛 李恺琳
13,g090AF94D-D3D1-42BC-89B4-C313FC75EE75,22 龙岗段再生水管道总平面图,24,g648A04D1-617C-4414-B474-5370150EB7BB,0022,龙岗段再生水管道总平面图,C:\test\GP-0022 龙岗段再生水管道总平面图.dwg,.\GP-0022 龙岗段再生水管道总平面图.dwg,0022 龙岗段再生水管道总平面图,1E0DD0,,- -,李恺琳,A2,李 涛,李涛 李恺琳
14,g6416F981-2565-4F3C-AB6C-5C6C4FB374FC,23-37 龙岗段入廊给水、再生水平面图,25,g5A191D21-3AC2-4B92-9FED-31130B3DEBC8,0023,龙岗段入廊给水、再生水平面图(一),C:\test\GP-0023-0037 龙岗段入廊给水、再生水平面图(一)-(十五).dwg,.\GP-0023-0037 龙岗段入廊给水、再生水平面图(一)-(十五).dwg,0023 龙岗段入廊给水、再生水平面图(一),2F0914,,- -,张爽,A2,李 涛,曾静 张爽
14,g6416F981-2565-4F3C-AB6C-5C6C4FB374FC,23-37 龙岗段入廊给水、再生水平面图,26,g37487CF3-08DB-41BF-B93B-22A6D3B70936,0024,龙岗段入廊给水、再生水平面图(二),C:\test\GP-0023-0037 龙岗段入廊给水、再生水平面图(一)-(十五).dwg,.\GP-0023-0037 龙岗段入廊给水、再生水平面图(一)-(十五).dwg,0024 龙岗段入廊给水、再生水平面图(二),2F10E2,,- -,张爽,A2,李 涛,曾静 张爽
14,g6416F981-2565-4F3C-AB6C-5C6C4FB374FC,23-37 龙岗段入廊给水、再生水平面图,27,g95C2A38A-B670-4CD4-87CE-0EC8DFF8A330,0025,龙岗段入廊给水、再生水平面图(三),C:\test\GP-0023-0037 龙岗段入廊给水、再生水平面图(一)-(十五).dwg,.\GP-0023-0037 龙岗段入廊给水、再生水平面图(一)-(十五).dwg,0025 龙岗段入廊给水、再生水平面图(三),2F18E6,,- -,张爽,A2,李 涛,曾静 张爽
14,g6416F981-2565-4F3C-AB6C-5C6C4FB374FC,23-37 龙岗段入廊给水、再生水平面图,28,gACA51267-6E93-4DAF-B5EA-1EF88EBFE5F0,0026,龙岗段入廊给水、再生水平面图(四),C:\test\GP-0023-0037 龙岗段入廊给水、再生水平面图(一)-(十五).dwg,.\GP-0023-0037 龙岗段入廊给水、再生水平面图(一)-(十五).dwg,0026 龙岗段入廊给水、再生水平面图(四),2F20EA,,- -,张爽,A2,李 涛,曾静 张爽
14,g6416F981-2565-4F3C-AB6C-5C6C4FB374FC,23-37 龙岗段入廊给水、再生水平面图,29,g61ADD06D-83DC-4E17-9ED0-90F6E070C6B3,0027,龙岗段入廊给水、再生水平面图(五),C:\test\GP-0023-0037 龙岗段入廊给水、再生水平面图(一)-(十五).dwg,.\GP-0023-0037 龙岗段入廊给水、再生水平面图(一)-(十五).dwg,0027 龙岗段入廊给水、再生水平面图(五),2F28EE,,- -,张爽,A2,李 涛,曾静 张爽
14,g6416F981-2565-4F3C-AB6C-5C6C4FB374FC,23-37 龙岗段入廊给水、再生水平面图,30,g39BF94ED-994C-48CD-A0B0-509C091E500D,0028,龙岗段入廊给水、再生水平面图(六),C:\test\GP-0023-0037 龙岗段入廊给水、再生水平面图(一)-(十五).dwg,.\GP-0023-0037 龙岗段入廊给水、再生水平面图(一)-(十五).dwg,0028 龙岗段入廊给水、再生水平面图(六),2F30F2,,- -,张爽,A2,李 涛,曾静 张爽
14,g6416F981-2565-4F3C-AB6C-5C6C4FB374FC,23-37 龙岗段入廊给水、再生水平面图,31,g457C7F2D-8776-48A7-9D2C-34584A9723D5,0029,龙岗段入廊给水、再生水平面图(七),C:\test\GP-0023-0037 龙岗段入廊给水、再生水平面图(一)-(十五).dwg,.\GP-0023-0037 龙岗段入廊给水、再生水平面图(一)-(十五).dwg,0029 龙岗段入廊给水、再生水平面图(七),2F38F6,,- -,张爽,A2,李 涛,曾静 张爽
14,g6416F981-2565-4F3C-AB6C-5C6C4FB374FC,23-37 龙岗段入廊给水、再生水平面图,32,g5793DB4E-9371-4EF5-B7A0-BB44110228D9,0030,龙岗段入廊给水、再生水平面图(八),C:\test\GP-0023-0037 龙岗段入廊给水、再生水平面图(一)-(十五).dwg,.\GP-0023-0037 龙岗段入廊给水、再生水平面图(一)-(十五).dwg,0030 龙岗段入廊给水、再生水平面图(八),2F40FA,,- -,张爽,A2,李 涛,曾静 张爽
14,g6416F981-2565-4F3C-AB6C-5C6C4FB374FC,23-37 龙岗段入廊给水、再生水平面图,33,gD4DCE272-A662-4B57-9BE0-55C6721A0F8B,0031,龙岗段入廊给水、再生水平面图(九),C:\test\GP-0023-0037 龙岗段入廊给水、再生水平面图(一)-(十五).dwg,.\GP-0023-0037 龙岗段入廊给水、再生水平面图(一)-(十五).dwg,0031 龙岗段入廊给水、再生水平面图(九),2F48FE,,- -,张爽,A2,李 涛,曾静 张爽
14,g6416F981-2565-4F3C-AB6C-5C6C4FB374FC,23-37 龙岗段入廊给水、再生水平面图,34,g7F42598E-2687-45C9-95A2-B8A0BFC87232,0032,龙岗段入廊给水、再生水平面图(十),C:\test\GP-0023-0037 龙岗段入廊给水、再生水平面图(一)-(十五).dwg,.\GP-0023-0037 龙岗段入廊给水、再生水平面图(一)-(十五).dwg,0032 龙岗段入廊给水、再生水平面图(十),2F5102,,- -,张爽,A2,李 涛,曾静 张爽
14,g6416F981-2565-4F3C-AB6C-5C6C4FB374FC,23-37 龙岗段入廊给水、再生水平面图,35,g12CEDF20-8BF9-4D2C-80CA-9F054EA7FF31,0033,龙岗段入廊给水、再生水平面图(十一),C:\test\GP-0023-0037 龙岗段入廊给水、再生水平面图(一)-(十五).dwg,.\GP-0023-0037 龙岗段入廊给水、再生水平面图(一)-(十五).dwg,0033 龙岗段入廊给水、再生水平面图(十一),2F5906,,- -,张爽,A2,李 涛,曾静 张爽
14,g6416F981-2565-4F3C-AB6C-5C6C4FB374FC,23-37 龙岗段入廊给水、再生水平面图,36,g3C5F0D76-1EF2-4829-B8BD-03B6DBBB34F6,0034,龙岗段入廊给水、再生水平面图(十二),C:\test\GP-0023-0037 龙岗段入廊给水、再生水平面图(一)-(十五).dwg,.\GP-0023-0037 龙岗段入廊给水、再生水平面图(一)-(十五).dwg,0034 龙岗段入廊给水、再生水平面图(十二),2F610A,,- -,张爽,A2,李 涛,曾静 张爽
14,g6416F981-2565-4F3C-AB6C-5C6C4FB374FC,23-37 龙岗段入廊给水、再生水平面图,37,g4B71D664-C526-4CF0-BD7D-8D694F19E68F,0035,龙岗段入廊给水、再生水平面图(十三),C:\test\GP-0023-0037 龙岗段入廊给水、再生水平面图(一)-(十五).dwg,.\GP-0023-0037 龙岗段入廊给水、再生水平面图(一)-(十五).dwg,0035 龙岗段入廊给水、再生水平面图(十三),2F690E,,- -,张爽,A2,李 涛,曾静 张爽
14,g6416F981-2565-4F3C-AB6C-5C6C4FB374FC,23-37 龙岗段入廊给水、再生水平面图,38,gCAAA22F0-40E3-4120-BD71-86DA77EA797D,0036,龙岗段入廊给水、再生水平面图(十四),C:\test\GP-0023-0037 龙岗段入廊给水、再生水平面图(一)-(十五).dwg,.\GP-0023-0037 龙岗段入廊给水、再生水平面图(一)-(十五).dwg,0036 龙岗段入廊给水、再生水平面图(十四),2F7112,,- -,张爽,A2,李 涛,曾静 张爽
14,g6416F981-2565-4F3C-AB6C-5C6C4FB374FC,23-37 龙岗段入廊给水、再生水平面图,39,g10BB754E-2336-4F74-91FA-7012C0FDB65D,0037,龙岗段入廊给水、再生水平面图(十五),C:\test\GP-0023-0037 龙岗段入廊给水、再生水平面图(一)-(十五).dwg,.\GP-0023-0037 龙岗段入廊给水、再生水平面图(一)-(十五).dwg,0037 龙岗段入廊给水、再生水平面图(十五),2F7916,,- -,张爽,A2,李 涛,曾静 张爽
15,g40139A64-52B1-45D5-ADA1-844B59781244,38-62 龙岗段入廊给水、再生水平面图,40,g63267F6D-9C39-4EF8-AFFC-9C504E394467,0038,龙岗段入廊给水、再生水平面图(十六),C:\test\GP-0038-0062 龙岗段入廊给水、再生水平面图(十六)-(四十).dwg,.\GP-0038-0062 龙岗段入廊给水、再生水平面图(十六)-(四十).dwg,0038 龙岗段入廊给水、再生水平面图(十六),1017E088,,- -,李恺琳,A2,李 涛,李涛 李恺琳
15,g40139A64-52B1-45D5-ADA1-844B59781244,38-62 龙岗段入廊给水、再生水平面图,41,g736860F2-F91A-4EEA-85B5-3CE80DA3F3DA,0039,龙岗段入廊给水、再生水平面图(十七),C:\test\GP-0038-0062 龙岗段入廊给水、再生水平面图(十六)-(四十).dwg,.\GP-0038-0062 龙岗段入廊给水、再生水平面图(十六)-(四十).dwg,0039 龙岗段入廊给水、再生水平面图(十七),1017E898,,- -,李恺琳,A2,李 涛,李涛 李恺琳
15,g40139A64-52B1-45D5-ADA1-844B59781244,38-62 龙岗段入廊给水、再生水平面图,42,g58DE2383-A7E5-4D36-B4B5-478F4356A94A,0040,龙岗段入廊给水、再生水平面图(十八),C:\test\GP-0038-0062 龙岗段入廊给水、再生水平面图(十六)-(四十).dwg,.\GP-0038-0062 龙岗段入廊给水、再生水平面图(十六)-(四十).dwg,0040 龙岗段入廊给水、再生水平面图(十八),1017F09D,,- -,李恺琳,A2,李 涛,李涛 李恺琳
15,g40139A64-52B1-45D5-ADA1-844B59781244,38-62 龙岗段入廊给水、再生水平面图,43,g3E38B657-5256-4325-94C8-1A85E2CD3DC4,0041,龙岗段入廊给水、再生水平面图(十九),C:\test\GP-0038-0062 龙岗段入廊给水、再生水平面图(十六)-(四十).dwg,.\GP-0038-0062 龙岗段入廊给水、再生水平面图(十六)-(四十).dwg,0041 龙岗段入廊给水、再生水平面图(十九),1017F8A2,,- -,李恺琳,A2,李 涛,李涛 李恺琳
15,g40139A64-52B1-45D5-ADA1-844B59781244,38-62 龙岗段入廊给水、再生水平面图,44,g0183BAC4-5F3F-4273-8B4C-9ECE2FF96E7A,0042,龙岗段入廊给水、再生水平面图(二十),C:\test\GP-0038-0062 龙岗段入廊给水、再生水平面图(十六)-(四十).dwg,.\GP-0038-0062 龙岗段入廊给水、再生水平面图(十六)-(四十).dwg,0042 龙岗段入廊给水、再生水平面图(二十),101800A7,,- -,李恺琳,A2,李 涛,李涛 李恺琳
15,g40139A64-52B1-45D5-ADA1-844B59781244,38-62 龙岗段入廊给水、再生水平面图,45,g0DD9A6A1-2D29-4086-8A3A-374C76EBA8A4,0043,龙岗段入廊给水、再生水平面图(二十一),C:\test\GP-0038-0062 龙岗段入廊给水、再生水平面图(十六)-(四十).dwg,.\GP-0038-0062 龙岗段入廊给水、再生水平面图(十六)-(四十).dwg,0043 龙岗段入廊给水、再生水平面图(二十一),101808AC,,- -,李恺琳,A2,李 涛,李涛 李恺琳
15,g40139A64-52B1-45D5-ADA1-844B59781244,38-62 龙岗段入廊给水、再生水平面图,46,gE35ECA40-9AA8-459D-9382-A25D16103C88,0044,龙岗段入廊给水、再生水平面图(二十二),C:\test\GP-0038-0062 龙岗段入廊给水、再生水平面图(十六)-(四十).dwg,.\GP-0038-0062 龙岗段入廊给水、再生水平面图(十六)-(四十).dwg,0044 龙岗段入廊给水、再生水平面图(二十二),101810B1,,- -,李恺琳,A2,李 涛,李涛 李恺琳
15,g40139A64-52B1-45D5-ADA1-844B59781244,38-62 龙岗段入廊给水、再生水平面图,47,gFEA8E4FD-2B4C-44AC-AA60-818D49953C0E,0045,龙岗段入廊给水、再生水平面图(二十三),C:\test\GP-0038-0062 龙岗段入廊给水、再生水平面图(十六)-(四十).dwg,.\GP-0038-0062 龙岗段入廊给水、再生水平面图(十六)-(四十).dwg,0045 龙岗段入廊给水、再生水平面图(二十三),101818B6,,- -,李恺琳,A2,李 涛,李涛 李恺琳
15,g40139A64-52B1-45D5-ADA1-844B59781244,38-62 龙岗段入廊给水、再生水平面图,48,g5637E578-C237-41D2-9198-2EC315298728,0046,龙岗段入廊给水、再生水平面图(二十四),C:\test\GP-0038-0062 龙岗段入廊给水、再生水平面图(十六)-(四十).dwg,.\GP-0038-0062 龙岗段入廊给水、再生水平面图(十六)-(四十).dwg,0046 龙岗段入廊给水、再生水平面图(二十四),101820BB,,- -,李恺琳,A2,李 涛,李涛 李恺琳
15,g40139A64-52B1-45D5-ADA1-844B59781244,38-62 龙岗段入廊给水、再生水平面图,49,g4198BA36-B977-4F13-8407-18684367133E,0047,龙岗段入廊给水、再生水平面图(二十五),C:\test\GP-0038-0062 龙岗段入廊给水、再生水平面图(十六)-(四十).dwg,.\GP-0038-0062 龙岗段入廊给水、再生水平面图(十六)-(四十).dwg,0047 龙岗段入廊给水、再生水平面图(二十五),101828C0,,- -,李恺琳,A2,李 涛,李涛 李恺琳
15,g40139A64-52B1-45D5-ADA1-844B59781244,38-62 龙岗段入廊给水、再生水平面图,50,gBD755774-68EA-49F4-AF68-0E9983193B2B,0048,龙岗段入廊给水、再生水平面图(二十六),C:\test\GP-0038-0062 龙岗段入廊给水、再生水平面图(十六)-(四十).dwg,.\GP-0038-0062 龙岗段入廊给水、再生水平面图(十六)-(四十).dwg,0048 龙岗段入廊给水、再生水平面图(二十六),101830C5,,- -,李恺琳,A2,李 涛,李涛 李恺琳
15,g40139A64-52B1-45D5-ADA1-844B59781244,38-62 龙岗段入廊给水、再生水平面图,51,g573060D6-7066-4066-BEE4-31B58FB787E5,0049,龙岗段入廊给水、再生水平面图(二十七),C:\test\GP-0038-0062 龙岗段入廊给水、再生水平面图(十六)-(四十).dwg,.\GP-0038-0062 龙岗段入廊给水、再生水平面图(十六)-(四十).dwg,0049 龙岗段入廊给水、再生水平面图(二十七),101838CA,,- -,李恺琳,A2,李 涛,李涛 李恺琳
15,g40139A64-52B1-45D5-ADA1-844B59781244,38-62 龙岗段入廊给水、再生水平面图,52,gC4D6308E-A392-4930-B028-6FC880BEF487,0050,龙岗段入廊给水、再生水平面图(二十八),C:\test\GP-0038-0062 龙岗段入廊给水、再生水平面图(十六)-(四十).dwg,.\GP-0038-0062 龙岗段入廊给水、再生水平面图(十六)-(四十).dwg,0050 龙岗段入廊给水、再生水平面图(二十八),101840CF,,- -,李恺琳,A2,李 涛,李涛 李恺琳
15,g40139A64-52B1-45D5-ADA1-844B59781244,38-62 龙岗段入廊给水、再生水平面图,53,g44B7279A-7564-4055-A1EA-7CBB4F870797,0051,龙岗段入廊给水、再生水平面图(二十九),C:\test\GP-0038-0062 龙岗段入廊给水、再生水平面图(十六)-(四十).dwg,.\GP-0038-0062 龙岗段入廊给水、再生水平面图(十六)-(四十).dwg,0051 龙岗段入廊给水、再生水平面图(二十九),101848D4,,- -,李恺琳,A2,李 涛,李涛 李恺琳
15,g40139A64-52B1-45D5-ADA1-844B59781244,38-62 龙岗段入廊给水、再生水平面图,54,gEFC362DC-8271-476B-84D8-0449D9D88FD8,0052,龙岗段入廊给水、再生水平面图(三十),C:\test\GP-0038-0062 龙岗段入廊给水、再生水平面图(十六)-(四十).dwg,.\GP-0038-0062 龙岗段入廊给水、再生水平面图(十六)-(四十).dwg,0052 龙岗段入廊给水、再生水平面图(三十),101850D9,,- -,李恺琳,A2,李 涛,李涛 李恺琳
15,g40139A64-52B1-45D5-ADA1-844B59781244,38-62 龙岗段入廊给水、再生水平面图,55,g71C1B5BA-C694-4D05-8A48-FF75321CBAEC,0053,龙岗段入廊给水、再生水平面图(三十一),C:\test\GP-0038-0062 龙岗段入廊给水、再生水平面图(十六)-(四十).dwg,.\GP-0038-0062 龙岗段入廊给水、再生水平面图(十六)-(四十).dwg,0053 龙岗段入廊给水、再生水平面图(三十一),101858DE,,- -,李恺琳,A2,李 涛,李涛 李恺琳
15,g40139A64-52B1-45D5-ADA1-844B59781244,38-62 龙岗段入廊给水、再生水平面图,56,g1F557EE6-E0B4-47ED-8320-0C4127554291,0054,龙岗段入廊给水、再生水平面图(三十二),C:\test\GP-0038-0062 龙岗段入廊给水、再生水平面图(十六)-(四十).dwg,.\GP-0038-0062 龙岗段入廊给水、再生水平面图(十六)-(四十).dwg,0054 龙岗段入廊给水、再生水平面图(三十二),101860E3,,- -,李恺琳,A2,李 涛,李涛 李恺琳
15,g40139A64-52B1-45D5-ADA1-844B59781244,38-62 龙岗段入廊给水、再生水平面图,57,gA94E794F-FC18-4094-BEC1-952121EA8B44,0055,龙岗段入廊给水、再生水平面图(三十三),C:\test\GP-0038-0062 龙岗段入廊给水、再生水平面图(十六)-(四十).dwg,.\GP-0038-0062 龙岗段入廊给水、再生水平面图(十六)-(四十).dwg,0055 龙岗段入廊给水、再生水平面图(三十三),101868E8,,- -,李恺琳,A2,李 涛,李涛 李恺琳
15,g40139A64-52B1-45D5-ADA1-844B59781244,38-62 龙岗段入廊给水、再生水平面图,58,g5DC3D912-B12E-4DA4-B2C2-C273BE82DD4E,0056,龙岗段入廊给水、再生水平面图(三十四),C:\test\GP-0038-0062 龙岗段入廊给水、再生水平面图(十六)-(四十).dwg,.\GP-0038-0062 龙岗段入廊给水、再生水平面图(十六)-(四十).dwg,0056 龙岗段入廊给水、再生水平面图(三十四),101870ED,,- -,李恺琳,A2,李 涛,李涛 李恺琳
15,g40139A64-52B1-45D5-ADA1-844B59781244,38-62 龙岗段入廊给水、再生水平面图,59,g00D0F54F-48D1-4396-B1BA-3FCB089026AE,0057,龙岗段入廊给水、再生水平面图(三十五),C:\test\GP-0038-0062 龙岗段入廊给水、再生水平面图(十六)-(四十).dwg,.\GP-0038-0062 龙岗段入廊给水、再生水平面图(十六)-(四十).dwg,0057 龙岗段入廊给水、再生水平面图(三十五),101878F2,,- -,李恺琳,A2,李 涛,李涛 李恺琳
15,g40139A64-52B1-45D5-ADA1-844B59781244,38-62 龙岗段入廊给水、再生水平面图,60,gA127E85F-1D41-454A-ADA5-B139EF20BA52,0058,龙岗段入廊给水、再生水平面图(三十六),C:\test\GP-0038-0062 龙岗段入廊给水、再生水平面图(十六)-(四十).dwg,.\GP-0038-0062 龙岗段入廊给水、再生水平面图(十六)-(四十).dwg,0058 龙岗段入廊给水、再生水平面图(三十六),101880F7,,- -,李恺琳,A2,李 涛,李涛 李恺琳
15,g40139A64-52B1-45D5-ADA1-844B59781244,38-62 龙岗段入廊给水、再生水平面图,61,gA85A3D65-BC90-4E52-B6BC-313CAAE6E5A1,0059,龙岗段入廊给水、再生水平面图(三十七),C:\test\GP-0038-0062 龙岗段入廊给水、再生水平面图(十六)-(四十).dwg,.\GP-0038-0062 龙岗段入廊给水、再生水平面图(十六)-(四十).dwg,0059 龙岗段入廊给水、再生水平面图(三十七),101888FC,,- -,李恺琳,A2,李 涛,李涛 李恺琳
15,g40139A64-52B1-45D5-ADA1-844B59781244,38-62 龙岗段入廊给水、再生水平面图,62,gFDC5E3FD-3C0B-455B-99BD-A9F034F602E5,0060,龙岗段入廊给水、再生水平面图(三十八),C:\test\GP-0038-0062 龙岗段入廊给水、再生水平面图(十六)-(四十).dwg,.\GP-0038-0062 龙岗段入廊给水、再生水平面图(十六)-(四十).dwg,0060 龙岗段入廊给水、再生水平面图(三十八),10189101,,- -,李恺琳,A2,李 涛,李涛 李恺琳
15,g40139A64-52B1-45D5-ADA1-844B59781244,38-62 龙岗段入廊给水、再生水平面图,63,g3BF16570-80DC-4DE6-8799-58BE2B62AC9F,0061,龙岗段入廊给水、再生水平面图(三十九),C:\test\GP-0038-0062 龙岗段入廊给水、再生水平面图(十六)-(四十).dwg,.\GP-0038-0062 龙岗段入廊给水、再生水平面图(十六)-(四十).dwg,0061 龙岗段入廊给水、再生水平面图(三十九),10189906,,- -,李恺琳,A2,李 涛,李涛 李恺琳
15,g40139A64-52B1-45D5-ADA1-844B59781244,38-62 龙岗段入廊给水、再生水平面图,64,gAF04392B-B22D-4C5E-BFE3-F8D0B6E49864,0062,龙岗段入廊给水、再生水平面图(四十),C:\test\GP-0038-0062 龙岗段入廊给水、再生水平面图(十六)-(四十).dwg,.\GP-0038-0062 龙岗段入廊给水、再生水平面图(十六)-(四十).dwg,0062 龙岗段入廊给水、再生水平面图(四十),1018A10B,,- -,李恺琳,A2,李 涛,李涛 李恺琳
16,gFBBDB3AF-7C33-46C6-AEFA-56FA0D4D04DE,63-76 坪山段入廊给水平面图,65,g800E9F49-D36E-4EC1-93FA-5BF5DC3E216B,0063,坪山段入廊给水平面图(一),C:\test\GP-0063-0076 坪山段入廊给水平面图(一)-(十四).dwg,.\GP-0063-0076 坪山段入廊给水平面图(一)-(十四).dwg,0063 坪山段入廊给水平面图(一),A316A,,- -,李恺琳,A2,李 涛,李涛 李恺琳
16,gFBBDB3AF-7C33-46C6-AEFA-56FA0D4D04DE,63-76 坪山段入廊给水平面图,66,g45D740A3-3003-41FE-82DC-1D935C4A1FDF,0064,坪山段入廊给水平面图(二),C:\test\GP-0063-0076 坪山段入廊给水平面图(一)-(十四).dwg,.\GP-0063-0076 坪山段入廊给水平面图(一)-(十四).dwg,0064 坪山段入廊给水平面图(二),A397B,,- -,李恺琳,A2,李 涛,李涛 李恺琳
16,gFBBDB3AF-7C33-46C6-AEFA-56FA0D4D04DE,63-76 坪山段入廊给水平面图,67,g5159E0AD-2B77-4EFB-BC68-51C075C26F6C,0065,坪山段入廊给水平面图(三),C:\test\GP-0063-0076 坪山段入廊给水平面图(一)-(十四).dwg,.\GP-0063-0076 坪山段入廊给水平面图(一)-(十四).dwg,0065 坪山段入廊给水平面图(三),A4181,,- -,李恺琳,A2,李 涛,李涛 李恺琳
16,gFBBDB3AF-7C33-46C6-AEFA-56FA0D4D04DE,63-76 坪山段入廊给水平面图,68,gCC0B8A14-1CBB-4EDB-8B8A-92D9EEEBC730,0066,坪山段入廊给水平面图(四),C:\test\GP-0063-0076 坪山段入廊给水平面图(一)-(十四).dwg,.\GP-0063-0076 坪山段入廊给水平面图(一)-(十四).dwg,0066 坪山段入廊给水平面图(四),A4987,,- -,李恺琳,A2,李 涛,李涛 李恺琳
16,gFBBDB3AF-7C33-46C6-AEFA-56FA0D4D04DE,63-76 坪山段入廊给水平面图,69,gEFC1E98E-AA72-4D58-8C92-D699E7BCA834,0067,坪山段入廊给水平面图(五),C:\test\GP-0063-0076 坪山段入廊给水平面图(一)-(十四).dwg,.\GP-0063-0076 坪山段入廊给水平面图(一)-(十四).dwg,0067 坪山段入廊给水平面图(五),A518D,,- -,李恺琳,A2,李 涛,李涛 李恺琳
16,gFBBDB3AF-7C33-46C6-AEFA-56FA0D4D04DE,63-76 坪山段入廊给水平面图,70,g437F3174-D765-40A8-AD83-B15EB6828C99,0068,坪山段入廊给水平面图(六),C:\test\GP-0063-0076 坪山段入廊给水平面图(一)-(十四).dwg,.\GP-0063-0076 坪山段入廊给水平面图(一)-(十四).dwg,0068 坪山段入廊给水平面图(六),A5993,,- -,李恺琳,A2,李 涛,李涛 李恺琳
16,gFBBDB3AF-7C33-46C6-AEFA-56FA0D4D04DE,63-76 坪山段入廊给水平面图,71,g8D5648CB-B84F-4560-9DA1-A28BE011807E,0069,坪山段入廊给水平面图(七),C:\test\GP-0063-0076 坪山段入廊给水平面图(一)-(十四).dwg,.\GP-0063-0076 坪山段入廊给水平面图(一)-(十四).dwg,0069 坪山段入廊给水平面图(七),A6199,,- -,李恺琳,A2,李 涛,李涛 李恺琳
16,gFBBDB3AF-7C33-46C6-AEFA-56FA0D4D04DE,63-76 坪山段入廊给水平面图,72,gF059CEA6-F11B-4829-BF18-77A60A1CCCFE,0070,坪山段入廊给水平面图(八),C:\test\GP-0063-0076 坪山段入廊给水平面图(一)-(十四).dwg,.\GP-0063-0076 坪山段入廊给水平面图(一)-(十四).dwg,0070 坪山段入廊给水平面图(八),A699F,,- -,李恺琳,A2,李 涛,李涛 李恺琳
16,gFBBDB3AF-7C33-46C6-AEFA-56FA0D4D04DE,63-76 坪山段入廊给水平面图,73,gF754C1A0-B715-43B4-978B-2283CF69D247,0071,坪山段入廊给水平面图(九),C:\test\GP-0063-0076 坪山段入廊给水平面图(一)-(十四).dwg,.\GP-0063-0076 坪山段入廊给水平面图(一)-(十四).dwg,0071 坪山段入廊给水平面图(九),A71A5,,- -,李恺琳,A2,李 涛,李涛 李恺琳
16,gFBBDB3AF-7C33-46C6-AEFA-56FA0D4D04DE,63-76 坪山段入廊给水平面图,74,g1AA5FBDF-91C0-4473-9809-DEB0E710F903,0072,坪山段入廊给水平面图(十),C:\test\GP-0063-0076 坪山段入廊给水平面图(一)-(十四).dwg,.\GP-0063-0076 坪山段入廊给水平面图(一)-(十四).dwg,0072 坪山段入廊给水平面图(十),A79AB,,- -,李恺琳,A2,李 涛,李涛 李恺琳
16,gFBBDB3AF-7C33-46C6-AEFA-56FA0D4D04DE,63-76 坪山段入廊给水平面图,75,gFC493084-83C6-42BE-9744-9EC2588C66FF,0073,坪山段入廊给水平面图(十一),C:\test\GP-0063-0076 坪山段入廊给水平面图(一)-(十四).dwg,.\GP-0063-0076 坪山段入廊给水平面图(一)-(十四).dwg,0073 坪山段入廊给水平面图(十一),A81B1,,- -,李恺琳,A2,李 涛,李涛 李恺琳
16,gFBBDB3AF-7C33-46C6-AEFA-56FA0D4D04DE,63-76 坪山段入廊给水平面图,76,g36E3C3BE-EAD9-4547-A580-3EDC9864A08B,0074,坪山段入廊给水平面图(十二),C:\test\GP-0063-0076 坪山段入廊给水平面图(一)-(十四).dwg,.\GP-0063-0076 坪山段入廊给水平面图(一)-(十四).dwg,0074 坪山段入廊给水平面图(十二),A89B7,,- -,李恺琳,A2,李 涛,李涛 李恺琳
16,gFBBDB3AF-7C33-46C6-AEFA-56FA0D4D04DE,63-76 坪山段入廊给水平面图,77,g4EFA2697-7560-4EF5-8E0F-9E8F63DAAE96,0075,坪山段入廊给水平面图(十三),C:\test\GP-0063-0076 坪山段入廊给水平面图(一)-(十四).dwg,.\GP-0063-0076 坪山段入廊给水平面图(一)-(十四).dwg,0075 坪山段入廊给水平面图(十三),A91BD,,- -,李恺琳,A2,李 涛,李涛 李恺琳
16,gFBBDB3AF-7C33-46C6-AEFA-56FA0D4D04DE,63-76 坪山段入廊给水平面图,78,g91DF1B4B-0C23-445F-BAA8-C97418F634ED,0076,坪山段入廊给水平面图(十四),C:\test\GP-0063-0076 坪山段入廊给水平面图(一)-(十四).dwg,.\GP-0063-0076 坪山段入廊给水平面图(一)-(十四).dwg,0076 坪山段入廊给水平面图(十四),A99C3,,- -,李恺琳,A2,李 涛,李涛 李恺琳
17,g756472CF-B184-451C-A66E-351580640278,77-82 坪山段入廊给水平面图,79,g2F93F81B-6C00-4D59-B73A-D9A0AC35B267,0077,坪山段入廊给水平面图(十五),C:\test\GP-0077-0082 坪山段入廊给水平面图(十五)-(二十).dwg,.\GP-0077-0082 坪山段入廊给水平面图(十五)-(二十).dwg,0077 坪山段入廊给水平面图(十五),A6FBD,,- -,李东洋,A2,李 涛,李涛 李恺琳
17,g756472CF-B184-451C-A66E-351580640278,77-82 坪山段入廊给水平面图,80,g17ACE369-295A-40F1-8F56-272CCC85AFC2,0078,坪山段入廊给水平面图(十六),C:\test\GP-0077-0082 坪山段入廊给水平面图(十五)-(二十).dwg,.\GP-0077-0082 坪山段入廊给水平面图(十五)-(二十).dwg,0078 坪山段入廊给水平面图(十六),A77CE,,- -,李东洋,A2,李 涛,李涛 李恺琳
17,g756472CF-B184-451C-A66E-351580640278,77-82 坪山段入廊给水平面图,81,gC288EADC-E5B2-4D8E-A343-4A8BF7AEDEEA,0079,坪山段入廊给水平面图(十七),C:\test\GP-0077-0082 坪山段入廊给水平面图(十五)-(二十).dwg,.\GP-0077-0082 坪山段入廊给水平面图(十五)-(二十).dwg,0079 坪山段入廊给水平面图(十七),A7FD4,,- -,李东洋,A2,李 涛,李涛 李恺琳
17,g756472CF-B184-451C-A66E-351580640278,77-82 坪山段入廊给水平面图,82,gB6141BC2-4DF9-4723-815E-7430A7B74D16,0080,坪山段入廊给水平面图(十八),C:\test\GP-0077-0082 坪山段入廊给水平面图(十五)-(二十).dwg,.\GP-0077-0082 坪山段入廊给水平面图(十五)-(二十).dwg,0080 坪山段入廊给水平面图(十八),A87DA,,- -,李东洋,A2,李 涛,李涛 李恺琳
17,g756472CF-B184-451C-A66E-351580640278,77-82 坪山段入廊给水平面图,83,g7EEADAD3-3C5B-4A3D-A8DF-5394D8BDA11A,0081,坪山段入廊给水平面图(十九),C:\test\GP-0077-0082 坪山段入廊给水平面图(十五)-(二十).dwg,.\GP-0077-0082 坪山段入廊给水平面图(十五)-(二十).dwg,0081 坪山段入廊给水平面图(十九),A8FE0,,- -,李东洋,A2,李 涛,李涛 李恺琳
17,g756472CF-B184-451C-A66E-351580640278,77-82 坪山段入廊给水平面图,84,g40E72F75-68C6-4E9D-8868-2A76DCD16F61,0082,坪山段入廊给水平面图(二十),C:\test\GP-0077-0082 坪山段入廊给水平面图(十五)-(二十).dwg,.\GP-0077-0082 坪山段入廊给水平面图(十五)-(二十).dwg,0082 坪山段入廊给水平面图(二十),A97E6,,- -,李东洋,A2,李 涛,李涛 李恺琳
18,g5229D14D-C2CB-4604-AAD3-7C97E4372FBB,83-93 1号综合竖井给水、再生水出舱大样图,85,gDD0CF448-2A5C-47F7-A316-2DD0D5F8D299,0083,1号综合竖井给水、再生水出舱大样图(一),C:\test\GP-0083-0093 1号综合竖井给水、再生水出舱大样图(一)-(十一).dwg,.\GP-0083-0093 1号综合竖井给水、再生水出舱大样图(一)-(十一).dwg,0083 1号综合竖井给水、再生水出舱大样图(一),1372B4,,- -,郭青青,A2,李 涛,周琴
18,g5229D14D-C2CB-4604-AAD3-7C97E4372FBB,83-93 1号综合竖井给水、再生水出舱大样图,86,gD003D284-3A30-49BC-B6DF-394036912C50,0084,1号综合竖井给水、再生水出舱大样图(二),C:\test\GP-0083-0093 1号综合竖井给水、再生水出舱大样图(一)-(十一).dwg,.\GP-0083-0093 1号综合竖井给水、再生水出舱大样图(一)-(十一).dwg,0084 1号综合竖井给水、再生水出舱大样图(二),137698,,- -,郭青青,A2,李 涛,周琴
18,g5229D14D-C2CB-4604-AAD3-7C97E4372FBB,83-93 1号综合竖井给水、再生水出舱大样图,87,gDD7B1969-A5DE-447C-A1D2-68AA4B354267,0085,1号综合竖井给水、再生水出舱大样图(三),C:\test\GP-0083-0093 1号综合竖井给水、再生水出舱大样图(一)-(十一).dwg,.\GP-0083-0093 1号综合竖井给水、再生水出舱大样图(一)-(十一).dwg,0085 1号综合竖井给水、再生水出舱大样图(三),137A71,,- -,郭青青,A2,李 涛,周琴
18,g5229D14D-C2CB-4604-AAD3-7C97E4372FBB,83-93 1号综合竖井给水、再生水出舱大样图,88,g24770243-D08D-4562-AF51-F012C865B38A,0086,1号综合竖井给水、再生水出舱大样图(四),C:\test\GP-0083-0093 1号综合竖井给水、再生水出舱大样图(一)-(十一).dwg,.\GP-0083-0093 1号综合竖井给水、再生水出舱大样图(一)-(十一).dwg,0086 1号综合竖井给水、再生水出舱大样图(四),137E4A,,- -,郭青青,A2,李 涛,周琴
18,g5229D14D-C2CB-4604-AAD3-7C97E4372FBB,83-93 1号综合竖井给水、再生水出舱大样图,89,gC0476A65-B8E3-4020-B94F-ED97C3C1DD75,0087,1号综合竖井给水、再生水出舱大样图(五),C:\test\GP-0083-0093 1号综合竖井给水、再生水出舱大样图(一)-(十一).dwg,.\GP-0083-0093 1号综合竖井给水、再生水出舱大样图(一)-(十一).dwg,0087 1号综合竖井给水、再生水出舱大样图(五),138223,,- -,郭青青,A2,李 涛,周琴
18,g5229D14D-C2CB-4604-AAD3-7C97E4372FBB,83-93 1号综合竖井给水、再生水出舱大样图,90,gAA492914-6B68-4703-9CF3-9749FE3FF4B7,0088,1号综合竖井给水、再生水出舱大样图(六),C:\test\GP-0083-0093 1号综合竖井给水、再生水出舱大样图(一)-(十一).dwg,.\GP-0083-0093 1号综合竖井给水、再生水出舱大样图(一)-(十一).dwg,0088 1号综合竖井给水、再生水出舱大样图(六),1385FC,,- -,郭青青,A2,李 涛,周琴
18,g5229D14D-C2CB-4604-AAD3-7C97E4372FBB,83-93 1号综合竖井给水、再生水出舱大样图,91,g09B844D8-3B6D-47C3-B825-934E6CC85505,0089,1号综合竖井给水、再生水出舱大样图(七),C:\test\GP-0083-0093 1号综合竖井给水、再生水出舱大样图(一)-(十一).dwg,.\GP-0083-0093 1号综合竖井给水、再生水出舱大样图(一)-(十一).dwg,0089 1号综合竖井给水、再生水出舱大样图(七),1389D5,,- -,郭青青,A2,李 涛,周琴
18,g5229D14D-C2CB-4604-AAD3-7C97E4372FBB,83-93 1号综合竖井给水、再生水出舱大样图,92,g907CB290-63F1-42D8-B029-AD492D3812D7,0090,1号综合竖井给水、再生水出舱大样图(八),C:\test\GP-0083-0093 1号综合竖井给水、再生水出舱大样图(一)-(十一).dwg,.\GP-0083-0093 1号综合竖井给水、再生水出舱大样图(一)-(十一).dwg,0090 1号综合竖井给水、再生水出舱大样图(八),138DAE,,- -,郭青青,A2,李 涛,周琴
18,g5229D14D-C2CB-4604-AAD3-7C97E4372FBB,83-93 1号综合竖井给水、再生水出舱大样图,93,g02C462E4-1F1E-4643-902C-AB4841F50A9A,0091,1号综合竖井给水、再生水出舱大样图(九),C:\test\GP-0083-0093 1号综合竖井给水、再生水出舱大样图(一)-(十一).dwg,.\GP-0083-0093 1号综合竖井给水、再生水出舱大样图(一)-(十一).dwg,0091 1号综合竖井给水、再生水出舱大样图(九),139187,,- -,郭青青,A2,李 涛,周琴
18,g5229D14D-C2CB-4604-AAD3-7C97E4372FBB,83-93 1号综合竖井给水、再生水出舱大样图,94,gC194F98D-D4C6-4AA3-93E6-94BB3340C88C,0092,1号综合竖井给水、再生水出舱大样图(十),C:\test\GP-0083-0093 1号综合竖井给水、再生水出舱大样图(一)-(十一).dwg,.\GP-0083-0093 1号综合竖井给水、再生水出舱大样图(一)-(十一).dwg,0092 1号综合竖井给水、再生水出舱大样图(十),139560,,- -,郭青青,A2,李 涛,周琴
18,g5229D14D-C2CB-4604-AAD3-7C97E4372FBB,83-93 1号综合竖井给水、再生水出舱大样图,95,g9E78307B-533E-4A86-A140-8CCBC57D0CC9,0093,1号综合竖井给水、再生水出舱大样图(十一),C:\test\GP-0083-0093 1号综合竖井给水、再生水出舱大样图(一)-(十一).dwg,.\GP-0083-0093 1号综合竖井给水、再生水出舱大样图(一)-(十一).dwg,0093 1号综合竖井给水、再生水出舱大样图(十一),139939,,- -,郭青青,A2,李 涛,周琴
19,gA36BA0DD-E4A3-48D2-ACB6-AD256B4BFBA0,94-103 2号综合竖井给水、再生水出舱大样图,96,g10392745-9053-47E2-B94E-9AB8E58681A1,0094,2号综合竖井给水、再生水出舱大样图(一),C:\test\GP-0094-0103 2号综合竖井给水、再生水出舱大样图(一)-(十).dwg,.\GP-0094-0103 2号综合竖井给水、再生水出舱大样图(一)-(十).dwg,0094 2号综合竖井给水、再生水出舱大样图(一),1372B4,,- -,杨东升,A2,李 涛,曾静 张爽
19,gA36BA0DD-E4A3-48D2-ACB6-AD256B4BFBA0,94-103 2号综合竖井给水、再生水出舱大样图,97,g1433E5E6-F011-4635-BA4E-9CB9160D45C1,0095,2号综合竖井给水、再生水出舱大样图(二),C:\test\GP-0094-0103 2号综合竖井给水、再生水出舱大样图(一)-(十).dwg,.\GP-0094-0103 2号综合竖井给水、再生水出舱大样图(一)-(十).dwg,0095 2号综合竖井给水、再生水出舱大样图(二),137698,,- -,杨东升,A2,李 涛,曾静 张爽
19,gA36BA0DD-E4A3-48D2-ACB6-AD256B4BFBA0,94-103 2号综合竖井给水、再生水出舱大样图,98,g3438B6F6-C73A-4A15-A343-907E537AAA55,0096,2号综合竖井给水、再生水出舱大样图(三),C:\test\GP-0094-0103 2号综合竖井给水、再生水出舱大样图(一)-(十).dwg,.\GP-0094-0103 2号综合竖井给水、再生水出舱大样图(一)-(十).dwg,0096 2号综合竖井给水、再生水出舱大样图(三),137A71,,- -,杨东升,A2,李 涛,曾静 张爽
19,gA36BA0DD-E4A3-48D2-ACB6-AD256B4BFBA0,94-103 2号综合竖井给水、再生水出舱大样图,99,g4133BAE5-6B64-426C-BD90-8249425B375D,0097,2号综合竖井给水、再生水出舱大样图(四),C:\test\GP-0094-0103 2号综合竖井给水、再生水出舱大样图(一)-(十).dwg,.\GP-0094-0103 2号综合竖井给水、再生水出舱大样图(一)-(十).dwg,0097 2号综合竖井给水、再生水出舱大样图(四),137E4A,,- -,杨东升,A2,李 涛,曾静 张爽
19,gA36BA0DD-E4A3-48D2-ACB6-AD256B4BFBA0,94-103 2号综合竖井给水、再生水出舱大样图,100,g9648C7A3-5040-4F96-A624-F10AB98383A4,0098,2号综合竖井给水、再生水出舱大样图(五),C:\test\GP-0094-0103 2号综合竖井给水、再生水出舱大样图(一)-(十).dwg,.\GP-0094-0103 2号综合竖井给水、再生水出舱大样图(一)-(十).dwg,0098 2号综合竖井给水、再生水出舱大样图(五),138223,,- -,杨东升,A2,李 涛,曾静 张爽
19,gA36BA0DD-E4A3-48D2-ACB6-AD256B4BFBA0,94-103 2号综合竖井给水、再生水出舱大样图,101,gEADAA418-50A5-44F1-9B56-B3A41AF153BC,0099,2号综合竖井给水、再生水出舱大样图(六),C:\test\GP-0094-0103 2号综合竖井给水、再生水出舱大样图(一)-(十).dwg,.\GP-0094-0103 2号综合竖井给水、再生水出舱大样图(一)-(十).dwg,0099 2号综合竖井给水、再生水出舱大样图(六),1385FC,,- -,杨东升,A2,李 涛,曾静 张爽
19,gA36BA0DD-E4A3-48D2-ACB6-AD256B4BFBA0,94-103 2号综合竖井给水、再生水出舱大样图,102,gB42363C9-6B14-4CE1-9DA5-FCD84CC39131,0100,2号综合竖井给水、再生水出舱大样图(七),C:\test\GP-0094-0103 2号综合竖井给水、再生水出舱大样图(一)-(十).dwg,.\GP-0094-0103 2号综合竖井给水、再生水出舱大样图(一)-(十).dwg,0100 2号综合竖井给水、再生水出舱大样图(七),1389D5,,- -,杨东升,A2,李 涛,曾静 张爽
19,gA36BA0DD-E4A3-48D2-ACB6-AD256B4BFBA0,94-103 2号综合竖井给水、再生水出舱大样图,103,g4DB9EF5B-1778-48BD-8D31-3E5E3F3725D5,0101,2号综合竖井给水、再生水出舱大样图(八),C:\test\GP-0094-0103 2号综合竖井给水、再生水出舱大样图(一)-(十).dwg,.\GP-0094-0103 2号综合竖井给水、再生水出舱大样图(一)-(十).dwg,0101 2号综合竖井给水、再生水出舱大样图(八),138DAE,,- -,杨东升,A2,李 涛,曾静 张爽
19,gA36BA0DD-E4A3-48D2-ACB6-AD256B4BFBA0,94-103 2号综合竖井给水、再生水出舱大样图,104,g375E1477-4ECC-4A27-8941-BD8D6B693496,0102,2号综合竖井给水、再生水出舱大样图(九),C:\test\GP-0094-0103 2号综合竖井给水、再生水出舱大样图(一)-(十).dwg,.\GP-0094-0103 2号综合竖井给水、再生水出舱大样图(一)-(十).dwg,0102 2号综合竖井给水、再生水出舱大样图(九),139187,,- -,杨东升,A2,李 涛,曾静 张爽
19,gA36BA0DD-E4A3-48D2-ACB6-AD256B4BFBA0,94-103 2号综合竖井给水、再生水出舱大样图,105,g9285E54C-7825-4848-9D6D-FAA35F66DCD3,0103,2号综合竖井给水、再生水出舱大样图(十),C:\test\GP-0094-0103 2号综合竖井给水、再生水出舱大样图(一)-(十).dwg,.\GP-0094-0103 2号综合竖井给水、再生水出舱大样图(一)-(十).dwg,0103 2号综合竖井给水、再生水出舱大样图(十),139560,,- -,杨东升,A2,李 涛,曾静 张爽
20,g4F5D7CF9-BBA6-40E8-885C-8170559F3400,104-110 3号综合竖井给水、再生水出舱大样图,106,gC737EA93-6C9E-4273-AE5F-DD7E304B103A,0104,3号综合竖井给水、再生水出舱大样图(一),C:\test\GP-0104-0110 3号综合竖井给水、再生水出舱大样图(一)-(七).dwg,.\GP-0104-0110 3号综合竖井给水、再生水出舱大样图(一)-(七).dwg,0104 3号综合竖井给水、再生水出舱大样图(一),1372B4,,- -,郭雯,A2,李 涛,曾静 张爽
20,g4F5D7CF9-BBA6-40E8-885C-8170559F3400,104-110 3号综合竖井给水、再生水出舱大样图,107,gF89DD18F-85A4-4982-82BD-77C0B3DD85EA,0105,3号综合竖井给水、再生水出舱大样图(二),C:\test\GP-0104-0110 3号综合竖井给水、再生水出舱大样图(一)-(七).dwg,.\GP-0104-0110 3号综合竖井给水、再生水出舱大样图(一)-(七).dwg,0105 3号综合竖井给水、再生水出舱大样图(二),137698,,- -,郭雯,A2,李 涛,曾静 张爽
20,g4F5D7CF9-BBA6-40E8-885C-8170559F3400,104-110 3号综合竖井给水、再生水出舱大样图,108,gB69C3562-6871-4E5A-B664-F8A2A8A81319,0106,3号综合竖井给水、再生水出舱大样图(三),C:\test\GP-0104-0110 3号综合竖井给水、再生水出舱大样图(一)-(七).dwg,.\GP-0104-0110 3号综合竖井给水、再生水出舱大样图(一)-(七).dwg,0106 3号综合竖井给水、再生水出舱大样图(三),137A71,,- -,郭雯,A2,李 涛,曾静 张爽
20,g4F5D7CF9-BBA6-40E8-885C-8170559F3400,104-110 3号综合竖井给水、再生水出舱大样图,109,gAD6BE4B4-15B5-4AE1-9113-768C0035CAEB,0107,3号综合竖井给水、再生水出舱大样图(四),C:\test\GP-0104-0110 3号综合竖井给水、再生水出舱大样图(一)-(七).dwg,.\GP-0104-0110 3号综合竖井给水、再生水出舱大样图(一)-(七).dwg,0107 3号综合竖井给水、再生水出舱大样图(四),137E4A,,- -,郭雯,A2,李 涛,曾静 张爽
20,g4F5D7CF9-BBA6-40E8-885C-8170559F3400,104-110 3号综合竖井给水、再生水出舱大样图,110,gF2AD389D-EBB0-492D-8FDA-78127B798BD7,0108,3号综合竖井给水、再生水出舱大样图(五),C:\test\GP-0104-0110 3号综合竖井给水、再生水出舱大样图(一)-(七).dwg,.\GP-0104-0110 3号综合竖井给水、再生水出舱大样图(一)-(七).dwg,0108 3号综合竖井给水、再生水出舱大样图(五),138223,,- -,郭雯,A2,李 涛,曾静 张爽
20,g4F5D7CF9-BBA6-40E8-885C-8170559F3400,104-110 3号综合竖井给水、再生水出舱大样图,111,g279625C7-CC41-461F-91A6-819131EB7F2A,0109,3号综合竖井给水、再生水出舱大样图(六),C:\test\GP-0104-0110 3号综合竖井给水、再生水出舱大样图(一)-(七).dwg,.\GP-0104-0110 3号综合竖井给水、再生水出舱大样图(一)-(七).dwg,0109 3号综合竖井给水、再生水出舱大样图(六),1385FC,,- -,郭雯,A2,李 涛,曾静 张爽
20,g4F5D7CF9-BBA6-40E8-885C-8170559F3400,104-110 3号综合竖井给水、再生水出舱大样图,112,g41DFD42D-6D81-4B9B-B7D5-49C815131F30,0110,3号综合竖井给水、再生水出舱大样图(七),C:\test\GP-0104-0110 3号综合竖井给水、再生水出舱大样图(一)-(七).dwg,.\GP-0104-0110 3号综合竖井给水、再生水出舱大样图(一)-(七).dwg,0110 3号综合竖井给水、再生水出舱大样图(七),1389D5,,- -,郭雯,A2,李 涛,曾静 张爽
21,gB5FC18ED-C8CC-4DFE-A197-518B13961BFF,111-119 4号综合竖井给水、再生水出舱大样图,113,g1393E54A-1338-4C50-91B5-C0936AF91C51,0111,4号综合竖井给水、再生水出舱大样图(一),C:\test\GP-0111-0119 4号综合竖井给水、再生水出舱大样图(一)-(九).dwg,.\GP-0111-0119 4号综合竖井给水、再生水出舱大样图(一)-(九).dwg,0111 4号综合竖井给水、再生水出舱大样图(一),1372B4,,- -,张爽,A2,李 涛,曾静 张爽
21,gB5FC18ED-C8CC-4DFE-A197-518B13961BFF,111-119 4号综合竖井给水、再生水出舱大样图,114,gD2EEA98D-C9B1-4799-991E-D944D2F5669E,0112,4号综合竖井给水、再生水出舱大样图(二),C:\test\GP-0111-0119 4号综合竖井给水、再生水出舱大样图(一)-(九).dwg,.\GP-0111-0119 4号综合竖井给水、再生水出舱大样图(一)-(九).dwg,0112 4号综合竖井给水、再生水出舱大样图(二),137698,,- -,张爽,A2,李 涛,曾静 张爽
21,gB5FC18ED-C8CC-4DFE-A197-518B13961BFF,111-119 4号综合竖井给水、再生水出舱大样图,115,g64D49CCF-0875-4781-8618-4770A3B0CCE6,0113,4号综合竖井给水、再生水出舱大样图(三),C:\test\GP-0111-0119 4号综合竖井给水、再生水出舱大样图(一)-(九).dwg,.\GP-0111-0119 4号综合竖井给水、再生水出舱大样图(一)-(九).dwg,0113 4号综合竖井给水、再生水出舱大样图(三),137A71,,- -,张爽,A2,李 涛,曾静 张爽
21,gB5FC18ED-C8CC-4DFE-A197-518B13961BFF,111-119 4号综合竖井给水、再生水出舱大样图,116,g9FDA932D-4E5C-4AC8-8DAF-810D3A467A4A,0114,4号综合竖井给水、再生水出舱大样图(四),C:\test\GP-0111-0119 4号综合竖井给水、再生水出舱大样图(一)-(九).dwg,.\GP-0111-0119 4号综合竖井给水、再生水出舱大样图(一)-(九).dwg,0114 4号综合竖井给水、再生水出舱大样图(四),137E4A,,- -,张爽,A2,李 涛,曾静 张爽
21,gB5FC18ED-C8CC-4DFE-A197-518B13961BFF,111-119 4号综合竖井给水、再生水出舱大样图,117,gE2D35396-7891-4BDA-B3BA-5E02117FDD5E,0115,4号综合竖井给水、再生水出舱大样图(五),C:\test\GP-0111-0119 4号综合竖井给水、再生水出舱大样图(一)-(九).dwg,.\GP-0111-0119 4号综合竖井给水、再生水出舱大样图(一)-(九).dwg,0115 4号综合竖井给水、再生水出舱大样图(五),138223,,- -,张爽,A2,李 涛,曾静 张爽
21,gB5FC18ED-C8CC-4DFE-A197-518B13961BFF,111-119 4号综合竖井给水、再生水出舱大样图,118,g55BE76AF-F732-4607-837C-155B2827ABF5,0116,4号综合竖井给水、再生水出舱大样图(六),C:\test\GP-0111-0119 4号综合竖井给水、再生水出舱大样图(一)-(九).dwg,.\GP-0111-0119 4号综合竖井给水、再生水出舱大样图(一)-(九).dwg,0116 4号综合竖井给水、再生水出舱大样图(六),1385FC,,- -,张爽,A2,李 涛,曾静 张爽
21,gB5FC18ED-C8CC-4DFE-A197-518B13961BFF,111-119 4号综合竖井给水、再生水出舱大样图,119,g4A636E9E-42D0-4566-915C-868033408184,0117,4号综合竖井给水、再生水出舱大样图(七),C:\test\GP-0111-0119 4号综合竖井给水、再生水出舱大样图(一)-(九).dwg,.\GP-0111-0119 4号综合竖井给水、再生水出舱大样图(一)-(九).dwg,0117 4号综合竖井给水、再生水出舱大样图(七),1389D5,,- -,张爽,A2,李 涛,曾静 张爽
21,gB5FC18ED-C8CC-4DFE-A197-518B13961BFF,111-119 4号综合竖井给水、再生水出舱大样图,120,g75DC5E70-6304-449C-B836-21C3E82816BE,0118,4号综合竖井给水、再生水出舱大样图(八),C:\test\GP-0111-0119 4号综合竖井给水、再生水出舱大样图(一)-(九).dwg,.\GP-0111-0119 4号综合竖井给水、再生水出舱大样图(一)-(九).dwg,0118 4号综合竖井给水、再生水出舱大样图(八),138DAE,,- -,张爽,A2,李 涛,曾静 张爽
21,gB5FC18ED-C8CC-4DFE-A197-518B13961BFF,111-119 4号综合竖井给水、再生水出舱大样图,121,g475DBF35-AB99-43BD-83DD-2694F2DA4AB2,0119,4号综合竖井给水、再生水出舱大样图(九),C:\test\GP-0111-0119 4号综合竖井给水、再生水出舱大样图(一)-(九).dwg,.\GP-0111-0119 4号综合竖井给水、再生水出舱大样图(一)-(九).dwg,0119 4号综合竖井给水、再生水出舱大样图(九),139187,,- -,张爽,A2,李 涛,曾静 张爽
22,g26D08716-8C25-4BD9-8A95-D6444C592BCE,120-128 5号综合竖井给水、再生水出舱大样图,122,g21679D34-4C31-4F3B-B4AB-F3380B0CE7B6,0120,5号综合竖井给水、再生水出舱大样图(一),C:\test\GP-0120-0128 5号综合竖井给水、再生水出舱大样图(一)-(九).dwg,.\GP-0120-0128 5号综合竖井给水、再生水出舱大样图(一)-(九).dwg,0120 5号综合竖井给水、再生水出舱大样图(一),1372B4,,- -,刘哲彦,A2,李 涛,周琴 刘哲彦
22,g26D08716-8C25-4BD9-8A95-D6444C592BCE,120-128 5号综合竖井给水、再生水出舱大样图,123,gAC52D477-299C-4FD2-976C-3A029D4406D2,0121,5号综合竖井给水、再生水出舱大样图(二),C:\test\GP-0120-0128 5号综合竖井给水、再生水出舱大样图(一)-(九).dwg,.\GP-0120-0128 5号综合竖井给水、再生水出舱大样图(一)-(九).dwg,0121 5号综合竖井给水、再生水出舱大样图(二),137698,,- -,刘哲彦,A2,李 涛,周琴 刘哲彦
22,g26D08716-8C25-4BD9-8A95-D6444C592BCE,120-128 5号综合竖井给水、再生水出舱大样图,124,g9946A449-6833-496B-8EA3-8AF834574C3B,0122,5号综合竖井给水、再生水出舱大样图(三),C:\test\GP-0120-0128 5号综合竖井给水、再生水出舱大样图(一)-(九).dwg,.\GP-0120-0128 5号综合竖井给水、再生水出舱大样图(一)-(九).dwg,0122 5号综合竖井给水、再生水出舱大样图(三),137A71,,- -,刘哲彦,A2,李 涛,周琴 刘哲彦
22,g26D08716-8C25-4BD9-8A95-D6444C592BCE,120-128 5号综合竖井给水、再生水出舱大样图,125,gB2848621-C6C5-419E-96F4-0B71FF29CF4F,0123,5号综合竖井给水、再生水出舱大样图(四),C:\test\GP-0120-0128 5号综合竖井给水、再生水出舱大样图(一)-(九).dwg,.\GP-0120-0128 5号综合竖井给水、再生水出舱大样图(一)-(九).dwg,0123 5号综合竖井给水、再生水出舱大样图(四),137E4A,,- -,刘哲彦,A2,李 涛,周琴 刘哲彦
22,g26D08716-8C25-4BD9-8A95-D6444C592BCE,120-128 5号综合竖井给水、再生水出舱大样图,126,g12CF80F0-FC3F-420A-8622-D1882AD63B4E,0124,5号综合竖井给水、再生水出舱大样图(五),C:\test\GP-0120-0128 5号综合竖井给水、再生水出舱大样图(一)-(九).dwg,.\GP-0120-0128 5号综合竖井给水、再生水出舱大样图(一)-(九).dwg,0124 5号综合竖井给水、再生水出舱大样图(五),138223,,- -,刘哲彦,A2,李 涛,周琴 刘哲彦
22,g26D08716-8C25-4BD9-8A95-D6444C592BCE,120-128 5号综合竖井给水、再生水出舱大样图,127,gF842AC57-2783-440F-B74A-CF1B0BB9C435,0125,5号综合竖井给水、再生水出舱大样图(六),C:\test\GP-0120-0128 5号综合竖井给水、再生水出舱大样图(一)-(九).dwg,.\GP-0120-0128 5号综合竖井给水、再生水出舱大样图(一)-(九).dwg,0125 5号综合竖井给水、再生水出舱大样图(六),1385FC,,- -,刘哲彦,A2,李 涛,周琴 刘哲彦
22,g26D08716-8C25-4BD9-8A95-D6444C592BCE,120-128 5号综合竖井给水、再生水出舱大样图,128,g199D6571-AAF2-4352-A5DD-E42E097F3C78,0126,5号综合竖井给水、再生水出舱大样图(七),C:\test\GP-0120-0128 5号综合竖井给水、再生水出舱大样图(一)-(九).dwg,.\GP-0120-0128 5号综合竖井给水、再生水出舱大样图(一)-(九).dwg,0126 5号综合竖井给水、再生水出舱大样图(七),1389D5,,- -,刘哲彦,A2,李 涛,周琴 刘哲彦
22,g26D08716-8C25-4BD9-8A95-D6444C592BCE,120-128 5号综合竖井给水、再生水出舱大样图,129,gA82E460B-31EA-441D-A178-384374944145,0127,5号综合竖井给水、再生水出舱大样图(八),C:\test\GP-0120-0128 5号综合竖井给水、再生水出舱大样图(一)-(九).dwg,.\GP-0120-0128 5号综合竖井给水、再生水出舱大样图(一)-(九).dwg,0127 5号综合竖井给水、再生水出舱大样图(八),138DAE,,- -,刘哲彦,A2,李 涛,周琴 刘哲彦
22,g26D08716-8C25-4BD9-8A95-D6444C592BCE,120-128 5号综合竖井给水、再生水出舱大样图,130,gF665D048-3913-4C8D-B1B6-1B771761C57F,0128,5号综合竖井给水、再生水出舱大样图(九),C:\test\GP-0120-0128 5号综合竖井给水、再生水出舱大样图(一)-(九).dwg,.\GP-0120-0128 5号综合竖井给水、再生水出舱大样图(一)-(九).dwg,0128 5号综合竖井给水、再生水出舱大样图(九),139187,,- -,刘哲彦,A2,李 涛,周琴 刘哲彦
23,g16950362-6977-49BD-AADC-84E10649B470,129-135 6号综合竖井给水、再生水出舱大样图,131,gAD7F1202-30D8-4C30-9ED0-E852DEC2DA58,0129,6号综合竖井给水、再生水出舱大样图(一),C:\test\GP-0129-0135 6号综合竖井给水、再生水出舱大样图(一)-(七).dwg,.\GP-0129-0135 6号综合竖井给水、再生水出舱大样图(一)-(七).dwg,0129 6号综合竖井给水、再生水出舱大样图(一),1372B4,,- -,杨东升,A2,李 涛,曾静 张爽
23,g16950362-6977-49BD-AADC-84E10649B470,129-135 6号综合竖井给水、再生水出舱大样图,132,g41704A12-538C-463B-84A5-E88A6B14C67B,0130,6号综合竖井给水、再生水出舱大样图(二),C:\test\GP-0129-0135 6号综合竖井给水、再生水出舱大样图(一)-(七).dwg,.\GP-0129-0135 6号综合竖井给水、再生水出舱大样图(一)-(七).dwg,0130 6号综合竖井给水、再生水出舱大样图(二),137698,,- -,杨东升,A2,李 涛,曾静 张爽
23,g16950362-6977-49BD-AADC-84E10649B470,129-135 6号综合竖井给水、再生水出舱大样图,133,g604CA031-8A3B-4C64-8151-C71C2C4C8223,0131,6号综合竖井给水、再生水出舱大样图(三),C:\test\GP-0129-0135 6号综合竖井给水、再生水出舱大样图(一)-(七).dwg,.\GP-0129-0135 6号综合竖井给水、再生水出舱大样图(一)-(七).dwg,0131 6号综合竖井给水、再生水出舱大样图(三),137A71,,- -,杨东升,A2,李 涛,曾静 张爽
23,g16950362-6977-49BD-AADC-84E10649B470,129-135 6号综合竖井给水、再生水出舱大样图,134,gF73A4553-1EF6-41D8-89B0-8F657AFB4888,0132,6号综合竖井给水、再生水出舱大样图(四),C:\test\GP-0129-0135 6号综合竖井给水、再生水出舱大样图(一)-(七).dwg,.\GP-0129-0135 6号综合竖井给水、再生水出舱大样图(一)-(七).dwg,0132 6号综合竖井给水、再生水出舱大样图(四),137E4A,,- -,杨东升,A2,李 涛,曾静 张爽
23,g16950362-6977-49BD-AADC-84E10649B470,129-135 6号综合竖井给水、再生水出舱大样图,135,gB2179523-F9F2-40D8-BC4C-8300030086EA,0133,6号综合竖井给水、再生水出舱大样图(五),C:\test\GP-0129-0135 6号综合竖井给水、再生水出舱大样图(一)-(七).dwg,.\GP-0129-0135 6号综合竖井给水、再生水出舱大样图(一)-(七).dwg,0133 6号综合竖井给水、再生水出舱大样图(五),138223,,- -,杨东升,A2,李 涛,曾静 张爽
23,g16950362-6977-49BD-AADC-84E10649B470,129-135 6号综合竖井给水、再生水出舱大样图,136,g5F84D2B4-ABEB-4AB6-ABC7-74886DDE6FEC,0134,6号综合竖井给水、再生水出舱大样图(六),C:\test\GP-0129-0135 6号综合竖井给水、再生水出舱大样图(一)-(七).dwg,.\GP-0129-0135 6号综合竖井给水、再生水出舱大样图(一)-(七).dwg,0134 6号综合竖井给水、再生水出舱大样图(六),1385FC,,- -,杨东升,A2,李 涛,曾静 张爽
23,g16950362-6977-49BD-AADC-84E10649B470,129-135 6号综合竖井给水、再生水出舱大样图,137,gBC061B47-BDA2-450B-A165-90710278F43F,0135,6号综合竖井给水、再生水出舱大样图(七),C:\test\GP-0129-0135 6号综合竖井给水、再生水出舱大样图(一)-(七).dwg,.\GP-0129-0135 6号综合竖井给水、再生水出舱大样图(一)-(七).dwg,0135 6号综合竖井给水、再生水出舱大样图(七),1389D5,,- -,杨东升,A2,李 涛,曾静 张爽
24,gBAA86FAA-33DA-4E71-AAE0-C7CEF6E3C5D3,136-145 7号综合竖井给水、再生水出舱大样图,138,g82FFBAE0-1C95-4D47-A5AE-DFF31CDC24E6,0136,7号综合竖井给水、再生水出舱大样图(一),C:\test\GP-0136-0145 7号综合竖井给水、再生水出舱大样图(一)-(十).dwg,.\GP-0136-0145 7号综合竖井给水、再生水出舱大样图(一)-(十).dwg,0136 7号综合竖井给水、再生水出舱大样图(一),1372B4,,- -,郭青青,A2,李 涛,曾静 张爽
24,gBAA86FAA-33DA-4E71-AAE0-C7CEF6E3C5D3,136-145 7号综合竖井给水、再生水出舱大样图,139,g4936EC8E-6B53-45EE-8383-79C82A4478CD,0137,7号综合竖井给水、再生水出舱大样图(二),C:\test\GP-0136-0145 7号综合竖井给水、再生水出舱大样图(一)-(十).dwg,.\GP-0136-0145 7号综合竖井给水、再生水出舱大样图(一)-(十).dwg,0137 7号综合竖井给水、再生水出舱大样图(二),137698,,- -,郭青青,A2,李 涛,曾静 张爽
24,gBAA86FAA-33DA-4E71-AAE0-C7CEF6E3C5D3,136-145 7号综合竖井给水、再生水出舱大样图,140,g3F9E0112-1446-4AD1-9772-BC3D2892681C,0138,7号综合竖井给水、再生水出舱大样图(三),C:\test\GP-0136-0145 7号综合竖井给水、再生水出舱大样图(一)-(十).dwg,.\GP-0136-0145 7号综合竖井给水、再生水出舱大样图(一)-(十).dwg,0138 7号综合竖井给水、再生水出舱大样图(三),137A71,,- -,郭青青,A2,李 涛,曾静 张爽
24,gBAA86FAA-33DA-4E71-AAE0-C7CEF6E3C5D3,136-145 7号综合竖井给水、再生水出舱大样图,141,g5D0496F3-6EE6-4B36-9B45-AA4A981F6E8A,0139,7号综合竖井给水、再生水出舱大样图(四),C:\test\GP-0136-0145 7号综合竖井给水、再生水出舱大样图(一)-(十).dwg,.\GP-0136-0145 7号综合竖井给水、再生水出舱大样图(一)-(十).dwg,0139 7号综合竖井给水、再生水出舱大样图(四),137E4A,,- -,郭青青,A2,李 涛,曾静 张爽
24,gBAA86FAA-33DA-4E71-AAE0-C7CEF6E3C5D3,136-145 7号综合竖井给水、再生水出舱大样图,142,gEEC9AEA3-6BDD-4884-B467-587FAEBD4955,0140,7号综合竖井给水、再生水出舱大样图(五),C:\test\GP-0136-0145 7号综合竖井给水、再生水出舱大样图(一)-(十).dwg,.\GP-0136-0145 7号综合竖井给水、再生水出舱大样图(一)-(十).dwg,0140 7号综合竖井给水、再生水出舱大样图(五),138223,,- -,郭青青,A2,李 涛,曾静 张爽
24,gBAA86FAA-33DA-4E71-AAE0-C7CEF6E3C5D3,136-145 7号综合竖井给水、再生水出舱大样图,143,gCB0272B4-849E-422B-B650-71DB26E343D2,0141,7号综合竖井给水、再生水出舱大样图(六),C:\test\GP-0136-0145 7号综合竖井给水、再生水出舱大样图(一)-(十).dwg,.\GP-0136-0145 7号综合竖井给水、再生水出舱大样图(一)-(十).dwg,0141 7号综合竖井给水、再生水出舱大样图(六),1385FC,,- -,郭青青,A2,李 涛,曾静 张爽
24,gBAA86FAA-33DA-4E71-AAE0-C7CEF6E3C5D3,136-145 7号综合竖井给水、再生水出舱大样图,144,gD5C1B027-C73D-4460-9137-8664AAA7CB3B,0142,7号综合竖井给水、再生水出舱大样图(七),C:\test\GP-0136-0145 7号综合竖井给水、再生水出舱大样图(一)-(十).dwg,.\GP-0136-0145 7号综合竖井给水、再生水出舱大样图(一)-(十).dwg,0142 7号综合竖井给水、再生水出舱大样图(七),1389D5,,- -,郭青青,A2,李 涛,曾静 张爽
24,gBAA86FAA-33DA-4E71-AAE0-C7CEF6E3C5D3,136-145 7号综合竖井给水、再生水出舱大样图,145,g6FB58D62-E2EF-4B8E-AFEE-3EB3BAAD15D0,0143,7号综合竖井给水、再生水出舱大样图(八),C:\test\GP-0136-0145 7号综合竖井给水、再生水出舱大样图(一)-(十).dwg,.\GP-0136-0145 7号综合竖井给水、再生水出舱大样图(一)-(十).dwg,0143 7号综合竖井给水、再生水出舱大样图(八),138DAE,,- -,郭青青,A2,李 涛,曾静 张爽
24,gBAA86FAA-33DA-4E71-AAE0-C7CEF6E3C5D3,136-145 7号综合竖井给水、再生水出舱大样图,146,g94D1F3DD-98EC-4D0F-8694-6D2731292897,0144,7号综合竖井给水、再生水出舱大样图(九),C:\test\GP-0136-0145 7号综合竖井给水、再生水出舱大样图(一)-(十).dwg,.\GP-0136-0145 7号综合竖井给水、再生水出舱大样图(一)-(十).dwg,0144 7号综合竖井给水、再生水出舱大样图(九),139187,,- -,郭青青,A2,李 涛,曾静 张爽
24,gBAA86FAA-33DA-4E71-AAE0-C7CEF6E3C5D3,136-145 7号综合竖井给水、再生水出舱大样图,147,g801F6E63-F95F-4DBA-BFD3-C1D39C899E26,0145,7号综合竖井给水、再生水出舱大样图(十),C:\test\GP-0136-0145 7号综合竖井给水、再生水出舱大样图(一)-(十).dwg,.\GP-0136-0145 7号综合竖井给水、再生水出舱大样图(一)-(十).dwg,0145 7号综合竖井给水、再生水出舱大样图(十),139560,,- -,郭青青,A2,李 涛,曾静 张爽
25,gA6896085-7FCE-49DD-BF49-A589E5DB5A91,146-153 1号出线井给水、再生水出舱大样图,148,g7A82E2D4-EAC5-46A0-BF7D-87D02C15606E,0146,1号出线井给水、再生水出舱大样图(一),C:\test\GP-0146-0153 1号出线井给水、再生水出舱大样图(一)-(八).dwg,.\GP-0146-0153 1号出线井给水、再生水出舱大样图(一)-(八).dwg,0146 1号出线井给水、再生水出舱大样图(一),1372B4,,- -,郭雯,A2,李 涛,曾静 张爽
25,gA6896085-7FCE-49DD-BF49-A589E5DB5A91,146-153 1号出线井给水、再生水出舱大样图,149,gF9D94DF4-7DD9-4EF3-BB01-C5EE7101CBBA,0147,1号出线井给水、再生水出舱大样图(二),C:\test\GP-0146-0153 1号出线井给水、再生水出舱大样图(一)-(八).dwg,.\GP-0146-0153 1号出线井给水、再生水出舱大样图(一)-(八).dwg,0147 1号出线井给水、再生水出舱大样图(二),137698,,- -,郭雯,A2,李 涛,曾静 张爽
25,gA6896085-7FCE-49DD-BF49-A589E5DB5A91,146-153 1号出线井给水、再生水出舱大样图,150,g62E67BDF-E883-4BFD-9625-33B4CB6936B1,0148,1号出线井给水、再生水出舱大样图(三),C:\test\GP-0146-0153 1号出线井给水、再生水出舱大样图(一)-(八).dwg,.\GP-0146-0153 1号出线井给水、再生水出舱大样图(一)-(八).dwg,0148 1号出线井给水、再生水出舱大样图(三),137A71,,- -,郭雯,A2,李 涛,曾静 张爽
25,gA6896085-7FCE-49DD-BF49-A589E5DB5A91,146-153 1号出线井给水、再生水出舱大样图,151,g55F053E9-CB85-4249-A213-4F8A1C6CDF28,0149,1号出线井给水、再生水出舱大样图(四),C:\test\GP-0146-0153 1号出线井给水、再生水出舱大样图(一)-(八).dwg,.\GP-0146-0153 1号出线井给水、再生水出舱大样图(一)-(八).dwg,0149 1号出线井给水、再生水出舱大样图(四),137E4A,,- -,郭雯,A2,李 涛,曾静 张爽
25,gA6896085-7FCE-49DD-BF49-A589E5DB5A91,146-153 1号出线井给水、再生水出舱大样图,152,g5EFFBCD5-6BE1-498D-8EBC-3395B9284428,0150,1号出线井给水、再生水出舱大样图(五),C:\test\GP-0146-0153 1号出线井给水、再生水出舱大样图(一)-(八).dwg,.\GP-0146-0153 1号出线井给水、再生水出舱大样图(一)-(八).dwg,0150 1号出线井给水、再生水出舱大样图(五),138223,,- -,郭雯,A2,李 涛,曾静 张爽
25,gA6896085-7FCE-49DD-BF49-A589E5DB5A91,146-153 1号出线井给水、再生水出舱大样图,153,g3AB4C62D-BC6C-4FBA-9A0A-714168EE7AFB,0151,1号出线井给水、再生水出舱大样图(六),C:\test\GP-0146-0153 1号出线井给水、再生水出舱大样图(一)-(八).dwg,.\GP-0146-0153 1号出线井给水、再生水出舱大样图(一)-(八).dwg,0151 1号出线井给水、再生水出舱大样图(六),1385FC,,- -,郭雯,A2,李 涛,曾静 张爽
25,gA6896085-7FCE-49DD-BF49-A589E5DB5A91,146-153 1号出线井给水、再生水出舱大样图,154,gDB3C3D38-92FB-4F86-B5FE-BD07770ED706,0152,1号出线井给水、再生水出舱大样图(七),C:\test\GP-0146-0153 1号出线井给水、再生水出舱大样图(一)-(八).dwg,.\GP-0146-0153 1号出线井给水、再生水出舱大样图(一)-(八).dwg,0152 1号出线井给水、再生水出舱大样图(七),1389D5,,- -,郭雯,A2,李 涛,曾静 张爽
25,gA6896085-7FCE-49DD-BF49-A589E5DB5A91,146-153 1号出线井给水、再生水出舱大样图,155,gFC10EB7B-F60C-413F-8F17-EBF4160FCC9D,0153,1号出线井给水、再生水出舱大样图(八),C:\test\GP-0146-0153 1号出线井给水、再生水出舱大样图(一)-(八).dwg,.\GP-0146-0153 1号出线井给水、再生水出舱大样图(一)-(八).dwg,0153 1号出线井给水、再生水出舱大样图(八),138DAE,,- -,郭雯,A2,李 涛,曾静 张爽
26,gBDB50F23-D27B-4A83-B2CC-4EA4EB485D5D,154-164 2号出线井给水、再生水出舱大样图,156,g7A5CDC56-1F5A-422A-B8C9-8049E90D5A36,0154,2号出线井给水、再生水出舱大样图(一),C:\test\GP-0154-0164 2号出线井给水、再生水出舱大样图(一)-(十一).dwg,.\GP-0154-0164 2号出线井给水、再生水出舱大样图(一)-(十一).dwg,0154 2号出线井给水、再生水出舱大样图(一),1372B4,,- -,郭雯,A2,李 涛,曾静 张爽
26,gBDB50F23-D27B-4A83-B2CC-4EA4EB485D5D,154-164 2号出线井给水、再生水出舱大样图,157,g44336237-385E-45B2-BAD4-E7030F008DD9,0155,2号出线井给水、再生水出舱大样图(二),C:\test\GP-0154-0164 2号出线井给水、再生水出舱大样图(一)-(十一).dwg,.\GP-0154-0164 2号出线井给水、再生水出舱大样图(一)-(十一).dwg,0155 2号出线井给水、再生水出舱大样图(二),137698,,- -,郭雯,A2,李 涛,曾静 张爽
26,gBDB50F23-D27B-4A83-B2CC-4EA4EB485D5D,154-164 2号出线井给水、再生水出舱大样图,158,g0C6CFB34-4262-45A6-8B89-3201B4D5307F,0156,2号出线井给水、再生水出舱大样图(三),C:\test\GP-0154-0164 2号出线井给水、再生水出舱大样图(一)-(十一).dwg,.\GP-0154-0164 2号出线井给水、再生水出舱大样图(一)-(十一).dwg,0156 2号出线井给水、再生水出舱大样图(三),137A71,,- -,郭雯,A2,李 涛,曾静 张爽
26,gBDB50F23-D27B-4A83-B2CC-4EA4EB485D5D,154-164 2号出线井给水、再生水出舱大样图,159,g35675C2A-4655-40A3-98C9-F35D5A4106F9,0157,2号出线井给水、再生水出舱大样图(四),C:\test\GP-0154-0164 2号出线井给水、再生水出舱大样图(一)-(十一).dwg,.\GP-0154-0164 2号出线井给水、再生水出舱大样图(一)-(十一).dwg,0157 2号出线井给水、再生水出舱大样图(四),137E4A,,- -,郭雯,A2,李 涛,曾静 张爽
26,gBDB50F23-D27B-4A83-B2CC-4EA4EB485D5D,154-164 2号出线井给水、再生水出舱大样图,160,gC238E6F3-6AA7-4631-B72C-1BB9691459A9,0158,2号出线井给水、再生水出舱大样图(五),C:\test\GP-0154-0164 2号出线井给水、再生水出舱大样图(一)-(十一).dwg,.\GP-0154-0164 2号出线井给水、再生水出舱大样图(一)-(十一).dwg,0158 2号出线井给水、再生水出舱大样图(五),138223,,- -,郭雯,A2,李 涛,曾静 张爽
26,gBDB50F23-D27B-4A83-B2CC-4EA4EB485D5D,154-164 2号出线井给水、再生水出舱大样图,161,gF1CA6013-FB48-4300-8775-F8EE1F06E192,0159,2号出线井给水、再生水出舱大样图(六),C:\test\GP-0154-0164 2号出线井给水、再生水出舱大样图(一)-(十一).dwg,.\GP-0154-0164 2号出线井给水、再生水出舱大样图(一)-(十一).dwg,0159 2号出线井给水、再生水出舱大样图(六),1385FC,,- -,郭雯,A2,李 涛,曾静 张爽
26,gBDB50F23-D27B-4A83-B2CC-4EA4EB485D5D,154-164 2号出线井给水、再生水出舱大样图,162,gC1A1A87B-98F9-4484-930C-67B0011460C7,0160,2号出线井给水、再生水出舱大样图(七),C:\test\GP-0154-0164 2号出线井给水、再生水出舱大样图(一)-(十一).dwg,.\GP-0154-0164 2号出线井给水、再生水出舱大样图(一)-(十一).dwg,0160 2号出线井给水、再生水出舱大样图(七),1389D5,,- -,郭雯,A2,李 涛,曾静 张爽
26,gBDB50F23-D27B-4A83-B2CC-4EA4EB485D5D,154-164 2号出线井给水、再生水出舱大样图,163,g11879BFB-A8FC-4C1F-88FB-6CA32A20433F,0161,2号出线井给水、再生水出舱大样图(八),C:\test\GP-0154-0164 2号出线井给水、再生水出舱大样图(一)-(十一).dwg,.\GP-0154-0164 2号出线井给水、再生水出舱大样图(一)-(十一).dwg,0161 2号出线井给水、再生水出舱大样图(八),138DAE,,- -,郭雯,A2,李 涛,曾静 张爽
26,gBDB50F23-D27B-4A83-B2CC-4EA4EB485D5D,154-164 2号出线井给水、再生水出舱大样图,164,g77F78374-5D46-4400-ACD2-78994ED46E25,0162,2号出线井给水、再生水出舱大样图(九),C:\test\GP-0154-0164 2号出线井给水、再生水出舱大样图(一)-(十一).dwg,.\GP-0154-0164 2号出线井给水、再生水出舱大样图(一)-(十一).dwg,0162 2号出线井给水、再生水出舱大样图(九),139187,,- -,郭雯,A2,李 涛,曾静 张爽
26,gBDB50F23-D27B-4A83-B2CC-4EA4EB485D5D,154-164 2号出线井给水、再生水出舱大样图,165,g2F5544DE-6438-4C06-8725-47A3F76A7A92,0163,2号出线井给水、再生水出舱大样图(十),C:\test\GP-0154-0164 2号出线井给水、再生水出舱大样图(一)-(十一).dwg,.\GP-0154-0164 2号出线井给水、再生水出舱大样图(一)-(十一).dwg,0163 2号出线井给水、再生水出舱大样图(十),139560,,- -,郭雯,A2,李 涛,曾静 张爽
26,gBDB50F23-D27B-4A83-B2CC-4EA4EB485D5D,154-164 2号出线井给水、再生水出舱大样图,166,gCE625951-18D0-4F15-851B-87F9610F6085,0164,2号出线井给水、再生水出舱大样图(十一),C:\test\GP-0154-0164 2号出线井给水、再生水出舱大样图(一)-(十一).dwg,.\GP-0154-0164 2号出线井给水、再生水出舱大样图(一)-(十一).dwg,0164 2号出线井给水、再生水出舱大样图(十一),139939,,- -,郭雯,A2,李 涛,曾静 张爽
27,g77AE92E0-00AE-4533-84C1-1403AF6B5E75,165-171 8号综合竖井给水、再生水出舱大样图,167,gEE9BFD28-F32F-403D-A28E-663A78C2D2F4,0165,8号综合竖井给水、再生水出舱大样图(一),C:\test\GP-0165-0171 8号综合竖井给水、再生水出舱大样图(一)-(七).dwg,.\GP-0165-0171 8号综合竖井给水、再生水出舱大样图(一)-(七).dwg,0165 8号综合竖井给水、再生水出舱大样图(一),22CF83,,- -,李恺琳,A2,李 涛,李涛 李恺琳
27,g77AE92E0-00AE-4533-84C1-1403AF6B5E75,165-171 8号综合竖井给水、再生水出舱大样图,168,g5EF329C9-A91E-4AF5-8E49-CD943429CFF8,0166,8号综合竖井给水、再生水出舱大样图(二),C:\test\GP-0165-0171 8号综合竖井给水、再生水出舱大样图(一)-(七).dwg,.\GP-0165-0171 8号综合竖井给水、再生水出舱大样图(一)-(七).dwg,0166 8号综合竖井给水、再生水出舱大样图(二),22D369,,- -,李恺琳,A2,李 涛,李涛 李恺琳
27,g77AE92E0-00AE-4533-84C1-1403AF6B5E75,165-171 8号综合竖井给水、再生水出舱大样图,169,g0F131545-7972-4BD5-97A2-139BF91266F8,0167,8号综合竖井给水、再生水出舱大样图(三),C:\test\GP-0165-0171 8号综合竖井给水、再生水出舱大样图(一)-(七).dwg,.\GP-0165-0171 8号综合竖井给水、再生水出舱大样图(一)-(七).dwg,0167 8号综合竖井给水、再生水出舱大样图(三),22D744,,- -,李恺琳,A2,李 涛,李涛 李恺琳
27,g77AE92E0-00AE-4533-84C1-1403AF6B5E75,165-171 8号综合竖井给水、再生水出舱大样图,170,g96B27D64-ED72-41C4-9CE5-1F0E21682634,0168,8号综合竖井给水、再生水出舱大样图(四),C:\test\GP-0165-0171 8号综合竖井给水、再生水出舱大样图(一)-(七).dwg,.\GP-0165-0171 8号综合竖井给水、再生水出舱大样图(一)-(七).dwg,0168 8号综合竖井给水、再生水出舱大样图(四),22DB1F,,- -,李恺琳,A2,李 涛,李涛 李恺琳
27,g77AE92E0-00AE-4533-84C1-1403AF6B5E75,165-171 8号综合竖井给水、再生水出舱大样图,171,g8E5980AB-227D-4FE4-8845-3F10EC081BC9,0169,8号综合竖井给水、再生水出舱大样图(五),C:\test\GP-0165-0171 8号综合竖井给水、再生水出舱大样图(一)-(七).dwg,.\GP-0165-0171 8号综合竖井给水、再生水出舱大样图(一)-(七).dwg,0169 8号综合竖井给水、再生水出舱大样图(五),22DEFA,,- -,李恺琳,A2,李 涛,李涛 李恺琳
27,g77AE92E0-00AE-4533-84C1-1403AF6B5E75,165-171 8号综合竖井给水、再生水出舱大样图,172,g1F8040D9-BAB1-4ED1-BEB5-DA98D2718A36,0170,8号综合竖井给水、再生水出舱大样图(六),C:\test\GP-0165-0171 8号综合竖井给水、再生水出舱大样图(一)-(七).dwg,.\GP-0165-0171 8号综合竖井给水、再生水出舱大样图(一)-(七).dwg,0170 8号综合竖井给水、再生水出舱大样图(六),22E2D5,,- -,李恺琳,A2,李 涛,李涛 李恺琳
27,g77AE92E0-00AE-4533-84C1-1403AF6B5E75,165-171 8号综合竖井给水、再生水出舱大样图,173,g50348F08-66BD-49F7-930B-4B40B0D1E374,0171,8号综合竖井给水、再生水出舱大样图(七),C:\test\GP-0165-0171 8号综合竖井给水、再生水出舱大样图(一)-(七).dwg,.\GP-0165-0171 8号综合竖井给水、再生水出舱大样图(一)-(七).dwg,0171 8号综合竖井给水、再生水出舱大样图(七),22E6B0,,- -,李恺琳,A2,李 涛,李涛 李恺琳
28,g6A9286C6-D32B-4C9E-96DB-69D991F98E3F,172-178 9号综合竖井给水、再生水出舱大样图,174,g2E089969-E1D3-42DD-8B42-72183AA7E217,0172,9号综合竖井给水、再生水出舱大样图(一),C:\test\GP-0172-0178 9号综合竖井给水、再生水出舱大样图(一)-(七).dwg,.\GP-0172-0178 9号综合竖井给水、再生水出舱大样图(一)-(七).dwg,0172 9号综合竖井给水、再生水出舱大样图(一),22CF83,,- -,李恺琳,A2,李 涛,李涛 李恺琳
28,g6A9286C6-D32B-4C9E-96DB-69D991F98E3F,172-178 9号综合竖井给水、再生水出舱大样图,175,g87A9BE4A-9B73-41D2-88E1-0E539CB11D74,0173,9号综合竖井给水、再生水出舱大样图(二),C:\test\GP-0172-0178 9号综合竖井给水、再生水出舱大样图(一)-(七).dwg,.\GP-0172-0178 9号综合竖井给水、再生水出舱大样图(一)-(七).dwg,0173 9号综合竖井给水、再生水出舱大样图(二),22D369,,- -,李恺琳,A2,李 涛,李涛 李恺琳
28,g6A9286C6-D32B-4C9E-96DB-69D991F98E3F,172-178 9号综合竖井给水、再生水出舱大样图,176,g996C753A-711E-4F19-B0A8-169665CD0E0A,0174,9号综合竖井给水、再生水出舱大样图(三),C:\test\GP-0172-0178 9号综合竖井给水、再生水出舱大样图(一)-(七).dwg,.\GP-0172-0178 9号综合竖井给水、再生水出舱大样图(一)-(七).dwg,0174 9号综合竖井给水、再生水出舱大样图(三),22D744,,- -,李恺琳,A2,李 涛,李涛 李恺琳
28,g6A9286C6-D32B-4C9E-96DB-69D991F98E3F,172-178 9号综合竖井给水、再生水出舱大样图,177,gD4E0D66A-78DC-42E2-9352-B2D01EDD5EA9,0175,9号综合竖井给水、再生水出舱大样图(四),C:\test\GP-0172-0178 9号综合竖井给水、再生水出舱大样图(一)-(七).dwg,.\GP-0172-0178 9号综合竖井给水、再生水出舱大样图(一)-(七).dwg,0175 9号综合竖井给水、再生水出舱大样图(四),22DB1F,,- -,李恺琳,A2,李 涛,李涛 李恺琳
28,g6A9286C6-D32B-4C9E-96DB-69D991F98E3F,172-178 9号综合竖井给水、再生水出舱大样图,178,gAC529B56-766D-4E7A-9BB2-31E1FA3B10FE,0176,9号综合竖井给水、再生水出舱大样图(五),C:\test\GP-0172-0178 9号综合竖井给水、再生水出舱大样图(一)-(七).dwg,.\GP-0172-0178 9号综合竖井给水、再生水出舱大样图(一)-(七).dwg,0176 9号综合竖井给水、再生水出舱大样图(五),22DEFA,,- -,李恺琳,A2,李 涛,李涛 李恺琳
28,g6A9286C6-D32B-4C9E-96DB-69D991F98E3F,172-178 9号综合竖井给水、再生水出舱大样图,179,g762E496A-9371-428B-8F62-76DB335C50C4,0177,9号综合竖井给水、再生水出舱大样图(六),C:\test\GP-0172-0178 9号综合竖井给水、再生水出舱大样图(一)-(七).dwg,.\GP-0172-0178 9号综合竖井给水、再生水出舱大样图(一)-(七).dwg,0177 9号综合竖井给水、再生水出舱大样图(六),22E2D5,,- -,李恺琳,A2,李 涛,李涛 李恺琳
28,g6A9286C6-D32B-4C9E-96DB-69D991F98E3F,172-178 9号综合竖井给水、再生水出舱大样图,180,g99BF9315-A19D-4C20-9F1D-173C9D7C443E,0178,9号综合竖井给水、再生水出舱大样图(七),C:\test\GP-0172-0178 9号综合竖井给水、再生水出舱大样图(一)-(七).dwg,.\GP-0172-0178 9号综合竖井给水、再生水出舱大样图(一)-(七).dwg,0178 9号综合竖井给水、再生水出舱大样图(七),22E6B0,,- -,李恺琳,A2,李 涛,李涛 李恺琳
29,gF04DB950-C57E-4D37-B86F-A28BD1C225AA,179-186 绕行段出线井给水、再生水出舱大样图,181,g0D25011E-95DE-4FE8-80CE-FB4895DAE08D,0179,绕行段出线井给水、再生水出舱大样图(一),C:\test\GP-0179-0186 绕行段出线井给水、再生水出舱大样图(一)-(八).dwg,.\GP-0179-0186 绕行段出线井给水、再生水出舱大样图(一)-(八).dwg,0179 绕行段出线井给水、再生水出舱大样图(一),14DC0A,,1:100,李恺琳,A2,李 涛,李涛 李恺琳
29,gF04DB950-C57E-4D37-B86F-A28BD1C225AA,179-186 绕行段出线井给水、再生水出舱大样图,182,g0752FBE2-5642-4520-90AA-CCCF4E0F320F,0180,绕行段出线井给水、再生水出舱大样图(二),C:\test\GP-0179-0186 绕行段出线井给水、再生水出舱大样图(一)-(八).dwg,.\GP-0179-0186 绕行段出线井给水、再生水出舱大样图(一)-(八).dwg,0180 绕行段出线井给水、再生水出舱大样图(二),14DFF0,,1:100,李恺琳,A2,李 涛,李涛 李恺琳
29,gF04DB950-C57E-4D37-B86F-A28BD1C225AA,179-186 绕行段出线井给水、再生水出舱大样图,183,gDDE099C3-F3E2-41C7-8CBA-8AE483B4B088,0181,绕行段出线井给水、再生水出舱大样图(三),C:\test\GP-0179-0186 绕行段出线井给水、再生水出舱大样图(一)-(八).dwg,.\GP-0179-0186 绕行段出线井给水、再生水出舱大样图(一)-(八).dwg,0181 绕行段出线井给水、再生水出舱大样图(三),14E3CB,,1:100,李恺琳,A2,李 涛,李涛 李恺琳
29,gF04DB950-C57E-4D37-B86F-A28BD1C225AA,179-186 绕行段出线井给水、再生水出舱大样图,184,gD2D28948-791F-46BA-B878-50032F1E69F2,0182,绕行段出线井给水、再生水出舱大样图(四),C:\test\GP-0179-0186 绕行段出线井给水、再生水出舱大样图(一)-(八).dwg,.\GP-0179-0186 绕行段出线井给水、再生水出舱大样图(一)-(八).dwg,0182 绕行段出线井给水、再生水出舱大样图(四),14E7A6,,1:100,李恺琳,A2,李 涛,李涛 李恺琳
29,gF04DB950-C57E-4D37-B86F-A28BD1C225AA,179-186 绕行段出线井给水、再生水出舱大样图,185,g5AE0DE49-6E20-485F-A521-7BF1EBF6B4A7,0183,绕行段出线井给水、再生水出舱大样图(五),C:\test\GP-0179-0186 绕行段出线井给水、再生水出舱大样图(一)-(八).dwg,.\GP-0179-0186 绕行段出线井给水、再生水出舱大样图(一)-(八).dwg,0183 绕行段出线井给水、再生水出舱大样图(五),14EB81,,1:100,李恺琳,A2,李 涛,李涛 李恺琳
29,gF04DB950-C57E-4D37-B86F-A28BD1C225AA,179-186 绕行段出线井给水、再生水出舱大样图,186,g44B575EA-0B36-4663-83EC-2DB0E1D0B636,0184,绕行段出线井给水、再生水出舱大样图(六),C:\test\GP-0179-0186 绕行段出线井给水、再生水出舱大样图(一)-(八).dwg,.\GP-0179-0186 绕行段出线井给水、再生水出舱大样图(一)-(八).dwg,0184 绕行段出线井给水、再生水出舱大样图(六),14EF5C,,1:100,李恺琳,A2,李 涛,李涛 李恺琳
29,gF04DB950-C57E-4D37-B86F-A28BD1C225AA,179-186 绕行段出线井给水、再生水出舱大样图,187,gA3F7F332-F248-4F96-93F0-F820E0E5E8B5,0185,绕行段出线井给水、再生水出舱大样图(七),C:\test\GP-0179-0186 绕行段出线井给水、再生水出舱大样图(一)-(八).dwg,.\GP-0179-0186 绕行段出线井给水、再生水出舱大样图(一)-(八).dwg,0185 绕行段出线井给水、再生水出舱大样图(七),14F337,,1:100,李恺琳,A2,李 涛,李涛 李恺琳
29,gF04DB950-C57E-4D37-B86F-A28BD1C225AA,179-186 绕行段出线井给水、再生水出舱大样图,188,g6AF9F955-7BFE-4759-BA14-EDDFBA73DD5C,0186,绕行段出线井给水、再生水出舱大样图(八),C:\test\GP-0179-0186 绕行段出线井给水、再生水出舱大样图(一)-(八).dwg,.\GP-0179-0186 绕行段出线井给水、再生水出舱大样图(一)-(八).dwg,0186 绕行段出线井给水、再生水出舱大样图(八),14F712,,1:100,李恺琳,A2,李 涛,李涛 李恺琳
30,g48219E28-01F4-4DF3-BE25-9834EC8D6C04,187-193 绕行段1号综合竖井给水、再生水出舱大样图,189,gF746D790-084F-4174-B116-79C68F05A34F,0187,绕行段1号综合竖井给水、再生水出舱大样图(一),C:\test\GP-0187-0193 绕行段1号综合竖井给水、再生水出舱大样图(一)-(七).dwg,.\GP-0187-0193 绕行段1号综合竖井给水、再生水出舱大样图(一)-(七).dwg,0187 绕行段1号综合竖井给水、再生水出舱大样图(一),14DC0A,,1:100,李恺琳,A2,李 涛,李涛 李恺琳
30,g48219E28-01F4-4DF3-BE25-9834EC8D6C04,187-193 绕行段1号综合竖井给水、再生水出舱大样图,190,gC7B68A75-BDDE-4544-9EA0-21E1C8BE7731,0188,绕行段1号综合竖井给水、再生水出舱大样图(二),C:\test\GP-0187-0193 绕行段1号综合竖井给水、再生水出舱大样图(一)-(七).dwg,.\GP-0187-0193 绕行段1号综合竖井给水、再生水出舱大样图(一)-(七).dwg,0188 绕行段1号综合竖井给水、再生水出舱大样图(二),14DFF0,,1:100,李恺琳,A2,李 涛,李涛 李恺琳
30,g48219E28-01F4-4DF3-BE25-9834EC8D6C04,187-193 绕行段1号综合竖井给水、再生水出舱大样图,191,g57207011-B642-40CD-AA42-37BE31063378,0189,绕行段1号综合竖井给水、再生水出舱大样图(三),C:\test\GP-0187-0193 绕行段1号综合竖井给水、再生水出舱大样图(一)-(七).dwg,.\GP-0187-0193 绕行段1号综合竖井给水、再生水出舱大样图(一)-(七).dwg,0189 绕行段1号综合竖井给水、再生水出舱大样图(三),14E3CB,,1:100,李恺琳,A2,李 涛,李涛 李恺琳
30,g48219E28-01F4-4DF3-BE25-9834EC8D6C04,187-193 绕行段1号综合竖井给水、再生水出舱大样图,192,g825FA5E2-DD5E-440A-A173-25E21E50BCF2,0190,绕行段1号综合竖井给水、再生水出舱大样图(四),C:\test\GP-0187-0193 绕行段1号综合竖井给水、再生水出舱大样图(一)-(七).dwg,.\GP-0187-0193 绕行段1号综合竖井给水、再生水出舱大样图(一)-(七).dwg,0190 绕行段1号综合竖井给水、再生水出舱大样图(四),14E7A6,,1:100,李恺琳,A2,李 涛,李涛 李恺琳
30,g48219E28-01F4-4DF3-BE25-9834EC8D6C04,187-193 绕行段1号综合竖井给水、再生水出舱大样图,193,g4CE8D2A7-88E0-4792-B103-6A5BF1564889,0191,绕行段1号综合竖井给水、再生水出舱大样图(五),C:\test\GP-0187-0193 绕行段1号综合竖井给水、再生水出舱大样图(一)-(七).dwg,.\GP-0187-0193 绕行段1号综合竖井给水、再生水出舱大样图(一)-(七).dwg,0191 绕行段1号综合竖井给水、再生水出舱大样图(五),14EB81,,1:100,李恺琳,A2,李 涛,李涛 李恺琳
30,g48219E28-01F4-4DF3-BE25-9834EC8D6C04,187-193 绕行段1号综合竖井给水、再生水出舱大样图,194,g4E3F20BC-FD86-4FFD-8E5C-44FFC9109131,0192,绕行段1号综合竖井给水、再生水出舱大样图(六),C:\test\GP-0187-0193 绕行段1号综合竖井给水、再生水出舱大样图(一)-(七).dwg,.\GP-0187-0193 绕行段1号综合竖井给水、再生水出舱大样图(一)-(七).dwg,0192 绕行段1号综合竖井给水、再生水出舱大样图(六),14EF5C,,1:100,李恺琳,A2,李 涛,李涛 李恺琳
30,g48219E28-01F4-4DF3-BE25-9834EC8D6C04,187-193 绕行段1号综合竖井给水、再生水出舱大样图,195,gB9FD3204-589B-4C77-B5FC-8A65A3870A31,0193,绕行段1号综合竖井给水、再生水出舱大样图(七),C:\test\GP-0187-0193 绕行段1号综合竖井给水、再生水出舱大样图(一)-(七).dwg,.\GP-0187-0193 绕行段1号综合竖井给水、再生水出舱大样图(一)-(七).dwg,0193 绕行段1号综合竖井给水、再生水出舱大样图(七),14F337,,1:100,李恺琳,A2,李 涛,李涛 李恺琳
31,g4F4618C2-CA8F-457C-B689-D1EC37C43B5B,194-201 绕行段2号综合竖井给水、再生水出舱大样图,196,g5EDC1BAB-7596-4633-8AFE-878C1E8E8DF0,0194,绕行段2号综合竖井给水、再生水出舱大样图(一),C:\test\GP-0194-0201 绕行段2号综合竖井给水、再生水出舱大样图(一)-(八).dwg,.\GP-0194-0201 绕行段2号综合竖井给水、再生水出舱大样图(一)-(八).dwg,0194 绕行段2号综合竖井给水、再生水出舱大样图(一),14DC0A,,1:100,李恺琳,A2,李 涛,李涛 李恺琳
31,g4F4618C2-CA8F-457C-B689-D1EC37C43B5B,194-201 绕行段2号综合竖井给水、再生水出舱大样图,197,g6F05039D-FC44-4D9A-83B9-0E24E0F0DFAB,0195,绕行段2号综合竖井给水、再生水出舱大样图(二),C:\test\GP-0194-0201 绕行段2号综合竖井给水、再生水出舱大样图(一)-(八).dwg,.\GP-0194-0201 绕行段2号综合竖井给水、再生水出舱大样图(一)-(八).dwg,0195 绕行段2号综合竖井给水、再生水出舱大样图(二),14DFF0,,1:100,李恺琳,A2,李 涛,李涛 李恺琳
31,g4F4618C2-CA8F-457C-B689-D1EC37C43B5B,194-201 绕行段2号综合竖井给水、再生水出舱大样图,198,g8CEFA0E4-ACC3-4499-AF7D-E1C06709C11F,0196,绕行段2号综合竖井给水、再生水出舱大样图(三),C:\test\GP-0194-0201 绕行段2号综合竖井给水、再生水出舱大样图(一)-(八).dwg,.\GP-0194-0201 绕行段2号综合竖井给水、再生水出舱大样图(一)-(八).dwg,0196 绕行段2号综合竖井给水、再生水出舱大样图(三),14E3CB,,1:100,李恺琳,A2,李 涛,李涛 李恺琳
31,g4F4618C2-CA8F-457C-B689-D1EC37C43B5B,194-201 绕行段2号综合竖井给水、再生水出舱大样图,199,g35D16000-688F-4393-962E-B4FF28D3B306,0197,绕行段2号综合竖井给水、再生水出舱大样图(四),C:\test\GP-0194-0201 绕行段2号综合竖井给水、再生水出舱大样图(一)-(八).dwg,.\GP-0194-0201 绕行段2号综合竖井给水、再生水出舱大样图(一)-(八).dwg,0197 绕行段2号综合竖井给水、再生水出舱大样图(四),14E7A6,,1:100,李恺琳,A2,李 涛,李涛 李恺琳
31,g4F4618C2-CA8F-457C-B689-D1EC37C43B5B,194-201 绕行段2号综合竖井给水、再生水出舱大样图,200,gA7C0833B-1494-4985-B1FC-DCA9F96842B2,0198,绕行段2号综合竖井给水、再生水出舱大样图(五),C:\test\GP-0194-0201 绕行段2号综合竖井给水、再生水出舱大样图(一)-(八).dwg,.\GP-0194-0201 绕行段2号综合竖井给水、再生水出舱大样图(一)-(八).dwg,0198 绕行段2号综合竖井给水、再生水出舱大样图(五),14EB81,,1:100,李恺琳,A2,李 涛,李涛 李恺琳
31,g4F4618C2-CA8F-457C-B689-D1EC37C43B5B,194-201 绕行段2号综合竖井给水、再生水出舱大样图,201,gBFF5660F-B419-49ED-9E85-391C913A775B,0199,绕行段2号综合竖井给水、再生水出舱大样图(六),C:\test\GP-0194-0201 绕行段2号综合竖井给水、再生水出舱大样图(一)-(八).dwg,.\GP-0194-0201 绕行段2号综合竖井给水、再生水出舱大样图(一)-(八).dwg,0199 绕行段2号综合竖井给水、再生水出舱大样图(六),14EF5C,,1:100,李恺琳,A2,李 涛,李涛 李恺琳
31,g4F4618C2-CA8F-457C-B689-D1EC37C43B5B,194-201 绕行段2号综合竖井给水、再生水出舱大样图,202,g87055EFE-6574-4088-99AB-13C30EDFC096,0200,绕行段2号综合竖井给水、再生水出舱大样图(七),C:\test\GP-0194-0201 绕行段2号综合竖井给水、再生水出舱大样图(一)-(八).dwg,.\GP-0194-0201 绕行段2号综合竖井给水、再生水出舱大样图(一)-(八).dwg,0200 绕行段2号综合竖井给水、再生水出舱大样图(七),14F337,,1:100,李恺琳,A2,李 涛,李涛 李恺琳
31,g4F4618C2-CA8F-457C-B689-D1EC37C43B5B,194-201 绕行段2号综合竖井给水、再生水出舱大样图,203,g7D1A0967-9CBC-4E62-B063-849EEF2906F9,0201,绕行段2号综合竖井给水、再生水出舱大样图(八),C:\test\GP-0194-0201 绕行段2号综合竖井给水、再生水出舱大样图(一)-(八).dwg,.\GP-0194-0201 绕行段2号综合竖井给水、再生水出舱大样图(一)-(八).dwg,0201 绕行段2号综合竖井给水、再生水出舱大样图(八),14F712,,1:100,李恺琳,A2,李 涛,李涛 李恺琳
32,gCD5FA93B-3DA8-4B57-8530-EE0288287C07,202-211 10号综合竖井给水、再生水出舱大样图,204,gCD05B3B0-C86D-4892-8EDF-65D06E9A577B,0202,10号综合竖井给水、再生水出舱大样图(一),C:\test\GP-0202-0211 10号综合竖井给水、再生水出舱大样图(一)-(十).dwg,.\GP-0202-0211 10号综合竖井给水、再生水出舱大样图(一)-(十).dwg,0202 10号综合竖井给水、再生水出舱大样图(一),22CF83,,1:100,李恺琳,A2,李 涛,李涛 李恺琳
32,gCD5FA93B-3DA8-4B57-8530-EE0288287C07,202-211 10号综合竖井给水、再生水出舱大样图,205,g35B77048-5B61-4754-9F5D-1F3073446DC0,0203,10号综合竖井给水、再生水出舱大样图(二),C:\test\GP-0202-0211 10号综合竖井给水、再生水出舱大样图(一)-(十).dwg,.\GP-0202-0211 10号综合竖井给水、再生水出舱大样图(一)-(十).dwg,0203 10号综合竖井给水、再生水出舱大样图(二),22D369,,1:100,李恺琳,A2,李 涛,李涛 李恺琳
32,gCD5FA93B-3DA8-4B57-8530-EE0288287C07,202-211 10号综合竖井给水、再生水出舱大样图,206,gBCB09E17-00BC-4CC2-9163-8FE08DD87A67,0204,10号综合竖井给水、再生水出舱大样图(三),C:\test\GP-0202-0211 10号综合竖井给水、再生水出舱大样图(一)-(十).dwg,.\GP-0202-0211 10号综合竖井给水、再生水出舱大样图(一)-(十).dwg,0204 10号综合竖井给水、再生水出舱大样图(三),22D744,,1:100,李恺琳,A2,李 涛,李涛 李恺琳
32,gCD5FA93B-3DA8-4B57-8530-EE0288287C07,202-211 10号综合竖井给水、再生水出舱大样图,207,g1502FEBA-7A9B-49B9-BC7B-681AF60C72C8,0205,10号综合竖井给水、再生水出舱大样图(四),C:\test\GP-0202-0211 10号综合竖井给水、再生水出舱大样图(一)-(十).dwg,.\GP-0202-0211 10号综合竖井给水、再生水出舱大样图(一)-(十).dwg,0205 10号综合竖井给水、再生水出舱大样图(四),22DB1F,,1:100,李恺琳,A2,李 涛,李涛 李恺琳
32,gCD5FA93B-3DA8-4B57-8530-EE0288287C07,202-211 10号综合竖井给水、再生水出舱大样图,208,gFDE4084A-E488-444B-BEFE-FD64BF4899B7,0206,10号综合竖井给水、再生水出舱大样图(五),C:\test\GP-0202-0211 10号综合竖井给水、再生水出舱大样图(一)-(十).dwg,.\GP-0202-0211 10号综合竖井给水、再生水出舱大样图(一)-(十).dwg,0206 10号综合竖井给水、再生水出舱大样图(五),22DEFA,,1:100,李恺琳,A2,李 涛,李涛 李恺琳
32,gCD5FA93B-3DA8-4B57-8530-EE0288287C07,202-211 10号综合竖井给水、再生水出舱大样图,209,g3DE936B8-AEDD-4A89-809F-57F8459D1D2B,0207,10号综合竖井给水、再生水出舱大样图(六),C:\test\GP-0202-0211 10号综合竖井给水、再生水出舱大样图(一)-(十).dwg,.\GP-0202-0211 10号综合竖井给水、再生水出舱大样图(一)-(十).dwg,0207 10号综合竖井给水、再生水出舱大样图(六),22E2D5,,1:125,李恺琳,A2,李 涛,李涛 李恺琳
32,gCD5FA93B-3DA8-4B57-8530-EE0288287C07,202-211 10号综合竖井给水、再生水出舱大样图,210,g49F78102-D29B-4537-9836-5D803CA1280E,0208,10号综合竖井给水、再生水出舱大样图(七),C:\test\GP-0202-0211 10号综合竖井给水、再生水出舱大样图(一)-(十).dwg,.\GP-0202-0211 10号综合竖井给水、再生水出舱大样图(一)-(十).dwg,0208 10号综合竖井给水、再生水出舱大样图(七),22E6B0,,1:125,李恺琳,A2,李 涛,李涛 李恺琳
32,gCD5FA93B-3DA8-4B57-8530-EE0288287C07,202-211 10号综合竖井给水、再生水出舱大样图,211,gB3CFE4D4-4311-4CB2-8BC7-10CDEF6057D3,0209,10号综合竖井给水、再生水出舱大样图(八),C:\test\GP-0202-0211 10号综合竖井给水、再生水出舱大样图(一)-(十).dwg,.\GP-0202-0211 10号综合竖井给水、再生水出舱大样图(一)-(十).dwg,0209 10号综合竖井给水、再生水出舱大样图(八),22EA8B,,1:100,李恺琳,A2,李 涛,李涛 李恺琳
32,gCD5FA93B-3DA8-4B57-8530-EE0288287C07,202-211 10号综合竖井给水、再生水出舱大样图,212,g7275705E-A53B-40B8-B00C-36963B3EE074,0210,10号综合竖井给水、再生水出舱大样图(九),C:\test\GP-0202-0211 10号综合竖井给水、再生水出舱大样图(一)-(十).dwg,.\GP-0202-0211 10号综合竖井给水、再生水出舱大样图(一)-(十).dwg,0210 10号综合竖井给水、再生水出舱大样图(九),22EE66,,1:100,李恺琳,A2,李 涛,李涛 李恺琳
32,gCD5FA93B-3DA8-4B57-8530-EE0288287C07,202-211 10号综合竖井给水、再生水出舱大样图,213,g76B1B890-2917-4F87-9BBF-DAAD68EEAE29,0211,10号综合竖井给水、再生水出舱大样图(十),C:\test\GP-0202-0211 10号综合竖井给水、再生水出舱大样图(一)-(十).dwg,.\GP-0202-0211 10号综合竖井给水、再生水出舱大样图(一)-(十).dwg,0211 10号综合竖井给水、再生水出舱大样图(十),22F241,,1:100,李恺琳,A2,李 涛,李涛 李恺琳
33,g97E6EEE9-4EA9-4664-AFAC-9279396C6EB2,212-218 11号综合竖井给水、再生水出舱大样图,214,gFB88527B-E6BC-44F0-8ED7-448DA92646B5,0212,11号综合竖井给水、再生水出舱大样图(一),C:\test\GP-0212-0218 11号综合竖井给水、再生水出舱大样图(一)-(七).dwg,.\GP-0212-0218 11号综合竖井给水、再生水出舱大样图(一)-(七).dwg,0212 11号综合竖井给水、再生水出舱大样图(一),22CF83,,1:100,李恺琳,A2,李 涛,李涛 李恺琳
33,g97E6EEE9-4EA9-4664-AFAC-9279396C6EB2,212-218 11号综合竖井给水、再生水出舱大样图,215,g58436D21-644E-4C90-8D40-1601808056BE,0213,11号综合竖井给水、再生水出舱大样图(二),C:\test\GP-0212-0218 11号综合竖井给水、再生水出舱大样图(一)-(七).dwg,.\GP-0212-0218 11号综合竖井给水、再生水出舱大样图(一)-(七).dwg,0213 11号综合竖井给水、再生水出舱大样图(二),22D369,,1:100,李恺琳,A2,李 涛,李涛 李恺琳
33,g97E6EEE9-4EA9-4664-AFAC-9279396C6EB2,212-218 11号综合竖井给水、再生水出舱大样图,216,gE7839F76-3846-474E-86E8-096416C0BF9A,0214,11号综合竖井给水、再生水出舱大样图(三),C:\test\GP-0212-0218 11号综合竖井给水、再生水出舱大样图(一)-(七).dwg,.\GP-0212-0218 11号综合竖井给水、再生水出舱大样图(一)-(七).dwg,0214 11号综合竖井给水、再生水出舱大样图(三),22D744,,1:100,李恺琳,A2,李 涛,李涛 李恺琳
33,g97E6EEE9-4EA9-4664-AFAC-9279396C6EB2,212-218 11号综合竖井给水、再生水出舱大样图,217,gD4BA3010-11EC-46A2-BBA8-CE3D4424BEB7,0215,11号综合竖井给水、再生水出舱大样图(四),C:\test\GP-0212-0218 11号综合竖井给水、再生水出舱大样图(一)-(七).dwg,.\GP-0212-0218 11号综合竖井给水、再生水出舱大样图(一)-(七).dwg,0215 11号综合竖井给水、再生水出舱大样图(四),22DB1F,,1:100,李恺琳,A2,李 涛,李涛 李恺琳
33,g97E6EEE9-4EA9-4664-AFAC-9279396C6EB2,212-218 11号综合竖井给水、再生水出舱大样图,218,gC2A8DA4A-18C7-4359-B460-100A78631A4A,0216,11号综合竖井给水、再生水出舱大样图(五),C:\test\GP-0212-0218 11号综合竖井给水、再生水出舱大样图(一)-(七).dwg,.\GP-0212-0218 11号综合竖井给水、再生水出舱大样图(一)-(七).dwg,0216 11号综合竖井给水、再生水出舱大样图(五),22DEFA,,1:100,李恺琳,A2,李 涛,李涛 李恺琳
33,g97E6EEE9-4EA9-4664-AFAC-9279396C6EB2,212-218 11号综合竖井给水、再生水出舱大样图,219,g736872C4-0B26-4F1B-B589-90A588E9F4E8,0217,11号综合竖井给水、再生水出舱大样图(六),C:\test\GP-0212-0218 11号综合竖井给水、再生水出舱大样图(一)-(七).dwg,.\GP-0212-0218 11号综合竖井给水、再生水出舱大样图(一)-(七).dwg,0217 11号综合竖井给水、再生水出舱大样图(六),22E2D5,,1:100,李恺琳,A2,李 涛,李涛 李恺琳
33,g97E6EEE9-4EA9-4664-AFAC-9279396C6EB2,212-218 11号综合竖井给水、再生水出舱大样图,220,g0BE6094A-048B-4B2B-A331-3676CE246E45,0218,11号综合竖井给水、再生水出舱大样图(七),C:\test\GP-0212-0218 11号综合竖井给水、再生水出舱大样图(一)-(七).dwg,.\GP-0212-0218 11号综合竖井给水、再生水出舱大样图(一)-(七).dwg,0218 11号综合竖井给水、再生水出舱大样图(七),22E6B0,,1:100,李恺琳,A2,李 涛,李涛 李恺琳
34,g9D587131-5D5D-4949-8275-1C9201C089E5,219-225 12号综合竖井给水、再生水出舱大样图,221,g97074865-6EF8-45D2-93CE-156A41DB6023,0219,12号综合竖井给水、再生水出舱大样图(一),C:\test\GP-0219-0225 12号综合竖井给水、再生水出舱大样图(一)-(七).dwg,.\GP-0219-0225 12号综合竖井给水、再生水出舱大样图(一)-(七).dwg,0219 12号综合竖井给水、再生水出舱大样图(一),22CF83,,1:100,李恺琳,A2,李 涛,李涛 李恺琳
34,g9D587131-5D5D-4949-8275-1C9201C089E5,219-225 12号综合竖井给水、再生水出舱大样图,222,g963A4951-A076-4028-B44A-84C66BB20796,0220,12号综合竖井给水、再生水出舱大样图(二),C:\test\GP-0219-0225 12号综合竖井给水、再生水出舱大样图(一)-(七).dwg,.\GP-0219-0225 12号综合竖井给水、再生水出舱大样图(一)-(七).dwg,0220 12号综合竖井给水、再生水出舱大样图(二),22D369,,1:100,李恺琳,A2,李 涛,李涛 李恺琳
34,g9D587131-5D5D-4949-8275-1C9201C089E5,219-225 12号综合竖井给水、再生水出舱大样图,223,gE796F190-3B67-4EC7-BAC9-5F83D085C2DF,0221,12号综合竖井给水、再生水出舱大样图(三),C:\test\GP-0219-0225 12号综合竖井给水、再生水出舱大样图(一)-(七).dwg,.\GP-0219-0225 12号综合竖井给水、再生水出舱大样图(一)-(七).dwg,0221 12号综合竖井给水、再生水出舱大样图(三),22D744,,1:100,李恺琳,A2,李 涛,李涛 李恺琳
34,g9D587131-5D5D-4949-8275-1C9201C089E5,219-225 12号综合竖井给水、再生水出舱大样图,224,gFD937348-D540-4C9D-8DDC-E5E9401405A5,0222,12号综合竖井给水、再生水出舱大样图(四),C:\test\GP-0219-0225 12号综合竖井给水、再生水出舱大样图(一)-(七).dwg,.\GP-0219-0225 12号综合竖井给水、再生水出舱大样图(一)-(七).dwg,0222 12号综合竖井给水、再生水出舱大样图(四),22DB1F,,1:100,李恺琳,A2,李 涛,李涛 李恺琳
34,g9D587131-5D5D-4949-8275-1C9201C089E5,219-225 12号综合竖井给水、再生水出舱大样图,225,gA255C498-48FF-4F21-B4B6-7A1601C7035D,0223,12号综合竖井给水、再生水出舱大样图(五),C:\test\GP-0219-0225 12号综合竖井给水、再生水出舱大样图(一)-(七).dwg,.\GP-0219-0225 12号综合竖井给水、再生水出舱大样图(一)-(七).dwg,0223 12号综合竖井给水、再生水出舱大样图(五),22DEFA,,1:100,李恺琳,A2,李 涛,李涛 李恺琳
34,g9D587131-5D5D-4949-8275-1C9201C089E5,219-225 12号综合竖井给水、再生水出舱大样图,226,g5BA4EEA8-4A00-42F7-B3C9-53C1C3A4B5E6,0224,12号综合竖井给水、再生水出舱大样图(六),C:\test\GP-0219-0225 12号综合竖井给水、再生水出舱大样图(一)-(七).dwg,.\GP-0219-0225 12号综合竖井给水、再生水出舱大样图(一)-(七).dwg,0224 12号综合竖井给水、再生水出舱大样图(六),22E2D5,,1:100,李恺琳,A2,李 涛,李涛 李恺琳
34,g9D587131-5D5D-4949-8275-1C9201C089E5,219-225 12号综合竖井给水、再生水出舱大样图,227,gFD70A6C6-3846-42E4-BA52-EAF7CD4AFB06,0225,12号综合竖井给水、再生水出舱大样图(七),C:\test\GP-0219-0225 12号综合竖井给水、再生水出舱大样图(一)-(七).dwg,.\GP-0219-0225 12号综合竖井给水、再生水出舱大样图(一)-(七).dwg,0225 12号综合竖井给水、再生水出舱大样图(七),22E6B0,,1:100,李恺琳,A2,李 涛,李涛 李恺琳
35,gC331C2D4-1A9A-41B4-8512-AF6D35BB116B,226-232 13号综合竖井给水、再生水出舱大样图,228,g1673B534-F472-4D36-91D5-C6CAC2ACBFB2,0226,13号综合竖井给水、再生水出舱大样图(一),C:\test\GP-0226-0232 13号综合竖井给水、再生水出舱大样图(一)-(七).dwg,.\GP-0226-0232 13号综合竖井给水、再生水出舱大样图(一)-(七).dwg,0226 13号综合竖井给水、再生水出舱大样图(一),22CF83,,1:100,李恺琳,A2,李 涛,李涛 李恺琳
35,gC331C2D4-1A9A-41B4-8512-AF6D35BB116B,226-232 13号综合竖井给水、再生水出舱大样图,229,g90FA8E80-6529-4935-A596-FC5F5B50E21E,0227,13号综合竖井给水、再生水出舱大样图(二),C:\test\GP-0226-0232 13号综合竖井给水、再生水出舱大样图(一)-(七).dwg,.\GP-0226-0232 13号综合竖井给水、再生水出舱大样图(一)-(七).dwg,0227 13号综合竖井给水、再生水出舱大样图(二),22D369,,1:100,李恺琳,A2,李 涛,李涛 李恺琳
35,gC331C2D4-1A9A-41B4-8512-AF6D35BB116B,226-232 13号综合竖井给水、再生水出舱大样图,230,g6B43D9D6-3B96-4A4E-8E6F-050D32BDA310,0228,13号综合竖井给水、再生水出舱大样图(三),C:\test\GP-0226-0232 13号综合竖井给水、再生水出舱大样图(一)-(七).dwg,.\GP-0226-0232 13号综合竖井给水、再生水出舱大样图(一)-(七).dwg,0228 13号综合竖井给水、再生水出舱大样图(三),22D744,,1:100,李恺琳,A2,李 涛,李涛 李恺琳
35,gC331C2D4-1A9A-41B4-8512-AF6D35BB116B,226-232 13号综合竖井给水、再生水出舱大样图,231,gCA6CC7A1-342A-4628-9BCD-461EE7814D18,0229,13号综合竖井给水、再生水出舱大样图(四),C:\test\GP-0226-0232 13号综合竖井给水、再生水出舱大样图(一)-(七).dwg,.\GP-0226-0232 13号综合竖井给水、再生水出舱大样图(一)-(七).dwg,0229 13号综合竖井给水、再生水出舱大样图(四),22DB1F,,1:100,李恺琳,A2,李 涛,李涛 李恺琳
35,gC331C2D4-1A9A-41B4-8512-AF6D35BB116B,226-232 13号综合竖井给水、再生水出舱大样图,232,g3F5DACB7-0B45-4F7C-8A23-5BD006287FBC,0230,13号综合竖井给水、再生水出舱大样图(五),C:\test\GP-0226-0232 13号综合竖井给水、再生水出舱大样图(一)-(七).dwg,.\GP-0226-0232 13号综合竖井给水、再生水出舱大样图(一)-(七).dwg,0230 13号综合竖井给水、再生水出舱大样图(五),22DEFA,,1:100,李恺琳,A2,李 涛,李涛 李恺琳
35,gC331C2D4-1A9A-41B4-8512-AF6D35BB116B,226-232 13号综合竖井给水、再生水出舱大样图,233,g787B5845-AC79-4703-96A0-76FC21701471,0231,13号综合竖井给水、再生水出舱大样图(六),C:\test\GP-0226-0232 13号综合竖井给水、再生水出舱大样图(一)-(七).dwg,.\GP-0226-0232 13号综合竖井给水、再生水出舱大样图(一)-(七).dwg,0231 13号综合竖井给水、再生水出舱大样图(六),22E2D5,,1:100,李恺琳,A2,李 涛,李涛 李恺琳
35,gC331C2D4-1A9A-41B4-8512-AF6D35BB116B,226-232 13号综合竖井给水、再生水出舱大样图,234,gF02EF2F8-9415-4360-8BF4-01C5006DE529,0232,13号综合竖井给水、再生水出舱大样图(七),C:\test\GP-0226-0232 13号综合竖井给水、再生水出舱大样图(一)-(七).dwg,.\GP-0226-0232 13号综合竖井给水、再生水出舱大样图(一)-(七).dwg,0232 13号综合竖井给水、再生水出舱大样图(七),22E6B0,,1:100,李恺琳,A2,李 涛,李涛 李恺琳
36,gB9792A79-8311-4AA7-9821-0669F0AE7A18,233-239 14号综合竖井给水、再生水出舱大样图,235,g50BF2B61-F372-46C5-A689-6BCFB090E6D3,0233,14号综合竖井给水、再生水出舱大样图(一),C:\test\GP-0233-0239 14号综合竖井给水、再生水出舱大样图(一)-(七).dwg,.\GP-0233-0239 14号综合竖井给水、再生水出舱大样图(一)-(七).dwg,0233 14号综合竖井给水、再生水出舱大样图(一),22CF83,,1:100,李恺琳,A2,李 涛,李涛 李恺琳
36,gB9792A79-8311-4AA7-9821-0669F0AE7A18,233-239 14号综合竖井给水、再生水出舱大样图,236,gEE89516F-C9D9-4415-9D41-9C7A088BF00E,0234,14号综合竖井给水、再生水出舱大样图(二),C:\test\GP-0233-0239 14号综合竖井给水、再生水出舱大样图(一)-(七).dwg,.\GP-0233-0239 14号综合竖井给水、再生水出舱大样图(一)-(七).dwg,0234 14号综合竖井给水、再生水出舱大样图(二),22D369,,1:100,李恺琳,A2,李 涛,李涛 李恺琳
36,gB9792A79-8311-4AA7-9821-0669F0AE7A18,233-239 14号综合竖井给水、再生水出舱大样图,237,gD03A600C-2858-4094-A3B6-A211AA84AC8B,0235,14号综合竖井给水、再生水出舱大样图(三),C:\test\GP-0233-0239 14号综合竖井给水、再生水出舱大样图(一)-(七).dwg,.\GP-0233-0239 14号综合竖井给水、再生水出舱大样图(一)-(七).dwg,0235 14号综合竖井给水、再生水出舱大样图(三),22D744,,1:100,李恺琳,A2,李 涛,李涛 李恺琳
36,gB9792A79-8311-4AA7-9821-0669F0AE7A18,233-239 14号综合竖井给水、再生水出舱大样图,238,gC2EF2C6A-1BFD-4D30-95DA-DFE03B3AF366,0236,14号综合竖井给水、再生水出舱大样图(四),C:\test\GP-0233-0239 14号综合竖井给水、再生水出舱大样图(一)-(七).dwg,.\GP-0233-0239 14号综合竖井给水、再生水出舱大样图(一)-(七).dwg,0236 14号综合竖井给水、再生水出舱大样图(四),22DB1F,,1:100,李恺琳,A2,李 涛,李涛 李恺琳
36,gB9792A79-8311-4AA7-9821-0669F0AE7A18,233-239 14号综合竖井给水、再生水出舱大样图,239,g6490212F-D40D-47DF-8980-E18807E66D6B,0237,14号综合竖井给水、再生水出舱大样图(五),C:\test\GP-0233-0239 14号综合竖井给水、再生水出舱大样图(一)-(七).dwg,.\GP-0233-0239 14号综合竖井给水、再生水出舱大样图(一)-(七).dwg,0237 14号综合竖井给水、再生水出舱大样图(五),22DEFA,,1:100,李恺琳,A2,李 涛,李涛 李恺琳
36,gB9792A79-8311-4AA7-9821-0669F0AE7A18,233-239 14号综合竖井给水、再生水出舱大样图,240,g0B27B5AE-74D8-4A4F-82B6-4906281A7C91,0238,14号综合竖井给水、再生水出舱大样图(六),C:\test\GP-0233-0239 14号综合竖井给水、再生水出舱大样图(一)-(七).dwg,.\GP-0233-0239 14号综合竖井给水、再生水出舱大样图(一)-(七).dwg,0238 14号综合竖井给水、再生水出舱大样图(六),22E2D5,,1:100,李恺琳,A2,李 涛,李涛 李恺琳
36,gB9792A79-8311-4AA7-9821-0669F0AE7A18,233-239 14号综合竖井给水、再生水出舱大样图,241,g0FF9FF0F-2B10-44E7-94FE-E2BB02BCECFD,0239,14号综合竖井给水、再生水出舱大样图(七),C:\test\GP-0233-0239 14号综合竖井给水、再生水出舱大样图(一)-(七).dwg,.\GP-0233-0239 14号综合竖井给水、再生水出舱大样图(一)-(七).dwg,0239 14号综合竖井给水、再生水出舱大样图(七),22E6B0,,1:100,李恺琳,A2,李 涛,李涛 李恺琳
37,g4FC8B2C4-9A1D-45AC-82BA-184296E37BA1,240-246 15号综合竖井给水、再生水出舱大样图,242,gC27B90E0-4B4F-4907-A8D6-5157A53C9C90,0240,15号综合竖井给水、再生水出舱大样图(一),C:\test\GP-0240-0246 15号综合竖井给水、再生水出舱大样图(一)-(七).dwg,.\GP-0240-0246 15号综合竖井给水、再生水出舱大样图(一)-(七).dwg,0240 15号综合竖井给水、再生水出舱大样图(一),22CF83,,1:100,李恺琳,A2,李 涛,李涛 李恺琳
37,g4FC8B2C4-9A1D-45AC-82BA-184296E37BA1,240-246 15号综合竖井给水、再生水出舱大样图,243,gBF124469-665A-40AD-88C6-E88E4AE9487A,0241,15号综合竖井给水、再生水出舱大样图(二),C:\test\GP-0240-0246 15号综合竖井给水、再生水出舱大样图(一)-(七).dwg,.\GP-0240-0246 15号综合竖井给水、再生水出舱大样图(一)-(七).dwg,0241 15号综合竖井给水、再生水出舱大样图(二),22D369,,1:100,李恺琳,A2,李 涛,李涛 李恺琳
37,g4FC8B2C4-9A1D-45AC-82BA-184296E37BA1,240-246 15号综合竖井给水、再生水出舱大样图,244,gCF532F14-6208-429F-91F7-742707AD8CEB,0242,15号综合竖井给水、再生水出舱大样图(三),C:\test\GP-0240-0246 15号综合竖井给水、再生水出舱大样图(一)-(七).dwg,.\GP-0240-0246 15号综合竖井给水、再生水出舱大样图(一)-(七).dwg,0242 15号综合竖井给水、再生水出舱大样图(三),22D744,,1:100,李恺琳,A2,李 涛,李涛 李恺琳
37,g4FC8B2C4-9A1D-45AC-82BA-184296E37BA1,240-246 15号综合竖井给水、再生水出舱大样图,245,gF14E9A5E-358D-4816-9042-A26FA1683B17,0243,15号综合竖井给水、再生水出舱大样图(四),C:\test\GP-0240-0246 15号综合竖井给水、再生水出舱大样图(一)-(七).dwg,.\GP-0240-0246 15号综合竖井给水、再生水出舱大样图(一)-(七).dwg,0243 15号综合竖井给水、再生水出舱大样图(四),22DB1F,,1:100,李恺琳,A2,李 涛,李涛 李恺琳
37,g4FC8B2C4-9A1D-45AC-82BA-184296E37BA1,240-246 15号综合竖井给水、再生水出舱大样图,246,g43C2467D-35D4-417D-94C5-D76267EAAB77,0244,15号综合竖井给水、再生水出舱大样图(五),C:\test\GP-0240-0246 15号综合竖井给水、再生水出舱大样图(一)-(七).dwg,.\GP-0240-0246 15号综合竖井给水、再生水出舱大样图(一)-(七).dwg,0244 15号综合竖井给水、再生水出舱大样图(五),22DEFA,,1:100,李恺琳,A2,李 涛,李涛 李恺琳
37,g4FC8B2C4-9A1D-45AC-82BA-184296E37BA1,240-246 15号综合竖井给水、再生水出舱大样图,247,g636ADF99-0D87-45C6-AB7D-D74579545C52,0245,15号综合竖井给水、再生水出舱大样图(六),C:\test\GP-0240-0246 15号综合竖井给水、再生水出舱大样图(一)-(七).dwg,.\GP-0240-0246 15号综合竖井给水、再生水出舱大样图(一)-(七).dwg,0245 15号综合竖井给水、再生水出舱大样图(六),22E2D5,,1:100,李恺琳,A2,李 涛,李涛 李恺琳
37,g4FC8B2C4-9A1D-45AC-82BA-184296E37BA1,240-246 15号综合竖井给水、再生水出舱大样图,248,gA1066F6B-C549-451B-9DE9-F169968817AA,0246,15号综合竖井给水、再生水出舱大样图(七),C:\test\GP-0240-0246 15号综合竖井给水、再生水出舱大样图(一)-(七).dwg,.\GP-0240-0246 15号综合竖井给水、再生水出舱大样图(一)-(七).dwg,0246 15号综合竖井给水、再生水出舱大样图(七),22E6B0,,1:100,李恺琳,A2,李 涛,李涛 李恺琳
38,g6CFA3093-C9AD-4A48-9186-C2E215F2BDEE,247-254 16号综合竖井给水、再生水出舱大样图,249,g74B44EAD-85CB-4F00-AF1E-0C017936F4AF,0247,16号综合竖井给水、再生水出舱大样图(一),C:\test\GP-0247-0254 16号综合竖井给水、再生水出舱大样图(一)-(八).dwg,.\GP-0247-0254 16号综合竖井给水、再生水出舱大样图(一)-(八).dwg,0247 16号综合竖井给水、再生水出舱大样图(一),22CF83,,1:100,李恺琳,A2,李 涛,李涛 李恺琳
38,g6CFA3093-C9AD-4A48-9186-C2E215F2BDEE,247-254 16号综合竖井给水、再生水出舱大样图,250,g3A38612A-3DD1-428B-829A-9C8CDE22FC65,0248,16号综合竖井给水、再生水出舱大样图(二),C:\test\GP-0247-0254 16号综合竖井给水、再生水出舱大样图(一)-(八).dwg,.\GP-0247-0254 16号综合竖井给水、再生水出舱大样图(一)-(八).dwg,0248 16号综合竖井给水、再生水出舱大样图(二),22D369,,1:100,李恺琳,A2,李 涛,李涛 李恺琳
38,g6CFA3093-C9AD-4A48-9186-C2E215F2BDEE,247-254 16号综合竖井给水、再生水出舱大样图,251,g134F5751-CA60-40E8-9A18-CBEF6E0C8B34,0249,16号综合竖井给水、再生水出舱大样图(三),C:\test\GP-0247-0254 16号综合竖井给水、再生水出舱大样图(一)-(八).dwg,.\GP-0247-0254 16号综合竖井给水、再生水出舱大样图(一)-(八).dwg,0249 16号综合竖井给水、再生水出舱大样图(三),22D744,,1:100,李恺琳,A2,李 涛,李涛 李恺琳
38,g6CFA3093-C9AD-4A48-9186-C2E215F2BDEE,247-254 16号综合竖井给水、再生水出舱大样图,252,g740ECBB5-08F7-4C70-89D8-B6339A0895C9,0250,16号综合竖井给水、再生水出舱大样图(四),C:\test\GP-0247-0254 16号综合竖井给水、再生水出舱大样图(一)-(八).dwg,.\GP-0247-0254 16号综合竖井给水、再生水出舱大样图(一)-(八).dwg,0250 16号综合竖井给水、再生水出舱大样图(四),22DB1F,,1:100,李恺琳,A2,李 涛,李涛 李恺琳
38,g6CFA3093-C9AD-4A48-9186-C2E215F2BDEE,247-254 16号综合竖井给水、再生水出舱大样图,253,gA6A6D142-AA5E-44FC-B60F-E584CB6CE5A3,0251,16号综合竖井给水、再生水出舱大样图(五),C:\test\GP-0247-0254 16号综合竖井给水、再生水出舱大样图(一)-(八).dwg,.\GP-0247-0254 16号综合竖井给水、再生水出舱大样图(一)-(八).dwg,0251 16号综合竖井给水、再生水出舱大样图(五),22DEFA,,1:100,李恺琳,A2,李 涛,李涛 李恺琳
38,g6CFA3093-C9AD-4A48-9186-C2E215F2BDEE,247-254 16号综合竖井给水、再生水出舱大样图,254,g649CFC21-D945-4395-BAAE-B0B902DEF941,0252,16号综合竖井给水、再生水出舱大样图(六),C:\test\GP-0247-0254 16号综合竖井给水、再生水出舱大样图(一)-(八).dwg,.\GP-0247-0254 16号综合竖井给水、再生水出舱大样图(一)-(八).dwg,0252 16号综合竖井给水、再生水出舱大样图(六),22E2D5,,1:100,李恺琳,A2,李 涛,李涛 李恺琳
38,g6CFA3093-C9AD-4A48-9186-C2E215F2BDEE,247-254 16号综合竖井给水、再生水出舱大样图,255,g883118F2-28EF-4D89-97E7-51850DDCCED4,0253,16号综合竖井给水、再生水出舱大样图(七),C:\test\GP-0247-0254 16号综合竖井给水、再生水出舱大样图(一)-(八).dwg,.\GP-0247-0254 16号综合竖井给水、再生水出舱大样图(一)-(八).dwg,0253 16号综合竖井给水、再生水出舱大样图(七),22E6B0,,1:100,李恺琳,A2,李 涛,李涛 李恺琳
38,g6CFA3093-C9AD-4A48-9186-C2E215F2BDEE,247-254 16号综合竖井给水、再生水出舱大样图,256,g8876F279-0955-477D-945B-860CCF29E52B,0254,16号综合竖井给水、再生水出舱大样图(八),C:\test\GP-0247-0254 16号综合竖井给水、再生水出舱大样图(一)-(八).dwg,.\GP-0247-0254 16号综合竖井给水、再生水出舱大样图(一)-(八).dwg,0254 16号综合竖井给水、再生水出舱大样图(八),22EA8B,,1:100,李恺琳,A2,李 涛,李涛 李恺琳
39,gEE8092C1-3783-4A60-B016-4B330C5F977E,255-261 17号综合竖井给水出舱大样图,257,g2B9CCF46-8E74-4956-82B7-D511E32234F3,0255,17号综合竖井给水出舱大样图(一),C:\test\GP-0255-0261 17号综合竖井给水出舱大样图(一)-(七).dwg,.\GP-0255-0261 17号综合竖井给水出舱大样图(一)-(七).dwg,0255 17号综合竖井给水出舱大样图(一),22CF83,,1:100,李恺琳,A2,李 涛,李涛 李恺琳
39,gEE8092C1-3783-4A60-B016-4B330C5F977E,255-261 17号综合竖井给水出舱大样图,258,gB4A795E4-F7F8-4031-9E1D-FDC524084017,0256,17号综合竖井给水出舱大样图(二),C:\test\GP-0255-0261 17号综合竖井给水出舱大样图(一)-(七).dwg,.\GP-0255-0261 17号综合竖井给水出舱大样图(一)-(七).dwg,0256 17号综合竖井给水出舱大样图(二),22D369,,1:100,李恺琳,A2,李 涛,李涛 李恺琳
39,gEE8092C1-3783-4A60-B016-4B330C5F977E,255-261 17号综合竖井给水出舱大样图,259,g79421247-25F3-4154-B4A2-70C60F20CBA3,0257,17号综合竖井给水出舱大样图(三),C:\test\GP-0255-0261 17号综合竖井给水出舱大样图(一)-(七).dwg,.\GP-0255-0261 17号综合竖井给水出舱大样图(一)-(七).dwg,0257 17号综合竖井给水出舱大样图(三),22D744,,1:100,李恺琳,A2,李 涛,李涛 李恺琳
39,gEE8092C1-3783-4A60-B016-4B330C5F977E,255-261 17号综合竖井给水出舱大样图,260,gFCF756FE-8CAD-43D8-B2B0-0B30FA746C35,0258,17号综合竖井给水出舱大样图(四),C:\test\GP-0255-0261 17号综合竖井给水出舱大样图(一)-(七).dwg,.\GP-0255-0261 17号综合竖井给水出舱大样图(一)-(七).dwg,0258 17号综合竖井给水出舱大样图(四),22DB1F,,1:100,李恺琳,A2,李 涛,李涛 李恺琳
39,gEE8092C1-3783-4A60-B016-4B330C5F977E,255-261 17号综合竖井给水出舱大样图,261,gDE3E0FE7-D137-4437-AFF7-969308C77358,0259,17号综合竖井给水出舱大样图(五),C:\test\GP-0255-0261 17号综合竖井给水出舱大样图(一)-(七).dwg,.\GP-0255-0261 17号综合竖井给水出舱大样图(一)-(七).dwg,0259 17号综合竖井给水出舱大样图(五),22DEFA,,1:100,李恺琳,A2,李 涛,李涛 李恺琳
39,gEE8092C1-3783-4A60-B016-4B330C5F977E,255-261 17号综合竖井给水出舱大样图,262,gF110EFAC-1E73-47D1-B22A-0BE3A4B41B3F,0260,17号综合竖井给水出舱大样图(六),C:\test\GP-0255-0261 17号综合竖井给水出舱大样图(一)-(七).dwg,.\GP-0255-0261 17号综合竖井给水出舱大样图(一)-(七).dwg,0260 17号综合竖井给水出舱大样图(六),22E2D5,,1:100,李恺琳,A2,李 涛,李涛 李恺琳
39,gEE8092C1-3783-4A60-B016-4B330C5F977E,255-261 17号综合竖井给水出舱大样图,263,gBD70D4D9-F678-49ED-9D56-44D9D2A067FD,0261,17号综合竖井给水出舱大样图(七),C:\test\GP-0255-0261 17号综合竖井给水出舱大样图(一)-(七).dwg,.\GP-0255-0261 17号综合竖井给水出舱大样图(一)-(七).dwg,0261 17号综合竖井给水出舱大样图(七),22E6B0,,1:100,李恺琳,A2,李 涛,李涛 李恺琳
40,g2DDD347C-BDB2-408C-AA2E-187779C2B9B1,262-269 18号综合竖井给水出舱大样图,264,g23A8B1C6-84BC-49DD-A232-525419BB0ECB,0262,18号综合竖井给水出舱大样图(一),C:\test\GP-0262-0269 18号综合竖井给水出舱大样图(一)-(八).dwg,.\GP-0262-0269 18号综合竖井给水出舱大样图(一)-(八).dwg,0262 18号综合竖井给水出舱大样图(一),A0EB1,,1:100,李东洋,A2,李 涛,李涛 李恺琳
40,g2DDD347C-BDB2-408C-AA2E-187779C2B9B1,262-269 18号综合竖井给水出舱大样图,265,g2A1F6607-0A1E-4758-90BF-32B44BCD0A06,0263,18号综合竖井给水出舱大样图(二),C:\test\GP-0262-0269 18号综合竖井给水出舱大样图(一)-(八).dwg,.\GP-0262-0269 18号综合竖井给水出舱大样图(一)-(八).dwg,0263 18号综合竖井给水出舱大样图(二),A1297,,1:100,李东洋,A2,李 涛,李涛 李恺琳
40,g2DDD347C-BDB2-408C-AA2E-187779C2B9B1,262-269 18号综合竖井给水出舱大样图,266,gF21FA2C8-450A-4F6A-9063-EAE77576B6F6,0264,18号综合竖井给水出舱大样图(三),C:\test\GP-0262-0269 18号综合竖井给水出舱大样图(一)-(八).dwg,.\GP-0262-0269 18号综合竖井给水出舱大样图(一)-(八).dwg,0264 18号综合竖井给水出舱大样图(三),A1672,,1:100,李东洋,A2,李 涛,李涛 李恺琳
40,g2DDD347C-BDB2-408C-AA2E-187779C2B9B1,262-269 18号综合竖井给水出舱大样图,267,gDFEEFF30-3A22-4F7B-A48D-D2754F936F63,0265,18号综合竖井给水出舱大样图(四),C:\test\GP-0262-0269 18号综合竖井给水出舱大样图(一)-(八).dwg,.\GP-0262-0269 18号综合竖井给水出舱大样图(一)-(八).dwg,0265 18号综合竖井给水出舱大样图(四),A1A4D,,1:100,李东洋,A2,李 涛,李涛 李恺琳
40,g2DDD347C-BDB2-408C-AA2E-187779C2B9B1,262-269 18号综合竖井给水出舱大样图,268,gB7A1F470-9988-4F7B-A24D-DB017E8A6204,0266,18号综合竖井给水出舱大样图(五),C:\test\GP-0262-0269 18号综合竖井给水出舱大样图(一)-(八).dwg,.\GP-0262-0269 18号综合竖井给水出舱大样图(一)-(八).dwg,0266 18号综合竖井给水出舱大样图(五),A1E28,,1:100,李东洋,A2,李 涛,李涛 李恺琳
40,g2DDD347C-BDB2-408C-AA2E-187779C2B9B1,262-269 18号综合竖井给水出舱大样图,269,g3BF6AA31-29A1-4E45-9D4B-238390CE704F,0267,18号综合竖井给水出舱大样图(六),C:\test\GP-0262-0269 18号综合竖井给水出舱大样图(一)-(八).dwg,.\GP-0262-0269 18号综合竖井给水出舱大样图(一)-(八).dwg,0267 18号综合竖井给水出舱大样图(六),A2203,,1:100,李东洋,A2,李 涛,李涛 李恺琳
40,g2DDD347C-BDB2-408C-AA2E-187779C2B9B1,262-269 18号综合竖井给水出舱大样图,270,g7625742F-5C97-4FA6-AD55-9C671716BA26,0268,18号综合竖井给水出舱大样图(七),C:\test\GP-0262-0269 18号综合竖井给水出舱大样图(一)-(八).dwg,.\GP-0262-0269 18号综合竖井给水出舱大样图(一)-(八).dwg,0268 18号综合竖井给水出舱大样图(七),A25DE,,1:100,李东洋,A2,李 涛,李涛 李恺琳
40,g2DDD347C-BDB2-408C-AA2E-187779C2B9B1,262-269 18号综合竖井给水出舱大样图,271,g67C96BA4-4388-4B82-A8D9-D58C9A27B9BD,0269,18号综合竖井给水出舱大样图(八),C:\test\GP-0262-0269 18号综合竖井给水出舱大样图(一)-(八).dwg,.\GP-0262-0269 18号综合竖井给水出舱大样图(一)-(八).dwg,0269 18号综合竖井给水出舱大样图(八),A29B9,,1:100,李东洋,A2,李 涛,李涛 李恺琳
41,gE90F7278-22C0-4C84-97A0-81859ADA5921,270-275 19号综合竖井给水出舱大样图,272,gCD994765-C1A8-449C-879F-39AA1F1578F2,0270,19号综合竖井给水出舱大样图(一),C:\test\GP-0270-0275 19号综合竖井给水出舱大样图(一)-(六).dwg,.\GP-0270-0275 19号综合竖井给水出舱大样图(一)-(六).dwg,0270 19号综合竖井给水出舱大样图(一),A0EB1,,1:100,李东洋,A2,李 涛,李涛 李恺琳
41,gE90F7278-22C0-4C84-97A0-81859ADA5921,270-275 19号综合竖井给水出舱大样图,273,gF45CD2E0-CCFF-41E1-9C47-99AC906864B6,0271,19号综合竖井给水出舱大样图(二),C:\test\GP-0270-0275 19号综合竖井给水出舱大样图(一)-(六).dwg,.\GP-0270-0275 19号综合竖井给水出舱大样图(一)-(六).dwg,0271 19号综合竖井给水出舱大样图(二),A1297,,1:100,李东洋,A2,李 涛,李涛 李恺琳
41,gE90F7278-22C0-4C84-97A0-81859ADA5921,270-275 19号综合竖井给水出舱大样图,274,gE2725778-7967-49B4-8EC4-EEC6F7185EEC,0272,19号综合竖井给水出舱大样图(三),C:\test\GP-0270-0275 19号综合竖井给水出舱大样图(一)-(六).dwg,.\GP-0270-0275 19号综合竖井给水出舱大样图(一)-(六).dwg,0272 19号综合竖井给水出舱大样图(三),A1672,,1:100,李东洋,A2,李 涛,李涛 李恺琳
41,gE90F7278-22C0-4C84-97A0-81859ADA5921,270-275 19号综合竖井给水出舱大样图,275,g49FF2FE2-99A1-4DB0-949C-40D969C56637,0273,19号综合竖井给水出舱大样图(四),C:\test\GP-0270-0275 19号综合竖井给水出舱大样图(一)-(六).dwg,.\GP-0270-0275 19号综合竖井给水出舱大样图(一)-(六).dwg,0273 19号综合竖井给水出舱大样图(四),A1A4D,,1:100,李东洋,A2,李 涛,李涛 李恺琳
41,gE90F7278-22C0-4C84-97A0-81859ADA5921,270-275 19号综合竖井给水出舱大样图,276,gA248CEED-AFC4-46DF-A6DB-2DFDC2BFF648,0274,19号综合竖井给水出舱大样图(五),C:\test\GP-0270-0275 19号综合竖井给水出舱大样图(一)-(六).dwg,.\GP-0270-0275 19号综合竖井给水出舱大样图(一)-(六).dwg,0274 19号综合竖井给水出舱大样图(五),A1E28,,1:100,李东洋,A2,李 涛,李涛 李恺琳
41,gE90F7278-22C0-4C84-97A0-81859ADA5921,270-275 19号综合竖井给水出舱大样图,277,gACB5834B-FF13-4903-AF53-289A618DF985,0275,19号综合竖井给水出舱大样图(六),C:\test\GP-0270-0275 19号综合竖井给水出舱大样图(一)-(六).dwg,.\GP-0270-0275 19号综合竖井给水出舱大样图(一)-(六).dwg,0275 19号综合竖井给水出舱大样图(六),A2203,,1:100,李东洋,A2,李 涛,李涛 李恺琳
42,gFEE25EB3-75CB-4644-A74F-A4C099A48AA6,276-281 3号出线井给水出舱大样图,278,g93C38EEC-3BBE-45BE-84BD-C7043814131C,0276,3号出线井给水出舱大样图(一),C:\test\GP-0276-0281 3号出线井给水出舱大样图(一)-(六).dwg,.\GP-0276-0281 3号出线井给水出舱大样图(一)-(六).dwg,0276 3号出线井给水出舱大样图(一),A0EB1,,1:100,李东洋,A2,李 涛,李涛 李恺琳
42,gFEE25EB3-75CB-4644-A74F-A4C099A48AA6,276-281 3号出线井给水出舱大样图,279,g8CFBA740-EAD4-4C45-BA2E-442DBA5EDF24,0277,3号出线井给水出舱大样图(二),C:\test\GP-0276-0281 3号出线井给水出舱大样图(一)-(六).dwg,.\GP-0276-0281 3号出线井给水出舱大样图(一)-(六).dwg,0277 3号出线井给水出舱大样图(二),A1297,,1:100,李东洋,A2,李 涛,李涛 李恺琳
42,gFEE25EB3-75CB-4644-A74F-A4C099A48AA6,276-281 3号出线井给水出舱大样图,280,g0F632E84-935A-4C4D-BB01-5BB397909471,0278,3号出线井给水出舱大样图(三),C:\test\GP-0276-0281 3号出线井给水出舱大样图(一)-(六).dwg,.\GP-0276-0281 3号出线井给水出舱大样图(一)-(六).dwg,0278 3号出线井给水出舱大样图(三),A1672,,1:100,李东洋,A2,李 涛,李涛 李恺琳
42,gFEE25EB3-75CB-4644-A74F-A4C099A48AA6,276-281 3号出线井给水出舱大样图,281,g7F0DA5F1-4336-4BD5-B5AF-E406D91B0C05,0279,3号出线井给水出舱大样图(四),C:\test\GP-0276-0281 3号出线井给水出舱大样图(一)-(六).dwg,.\GP-0276-0281 3号出线井给水出舱大样图(一)-(六).dwg,0279 3号出线井给水出舱大样图(四),A1A4D,,1:100,李东洋,A2,李 涛,李涛 李恺琳
42,gFEE25EB3-75CB-4644-A74F-A4C099A48AA6,276-281 3号出线井给水出舱大样图,282,g942A3D63-53C5-42E9-9650-45382449DF41,0280,3号出线井给水出舱大样图(五),C:\test\GP-0276-0281 3号出线井给水出舱大样图(一)-(六).dwg,.\GP-0276-0281 3号出线井给水出舱大样图(一)-(六).dwg,0280 3号出线井给水出舱大样图(五),A1E28,,1:100,李东洋,A2,李 涛,李涛 李恺琳
42,gFEE25EB3-75CB-4644-A74F-A4C099A48AA6,276-281 3号出线井给水出舱大样图,283,g09804CC5-887D-4B3E-BCFD-FE3F659280E8,0281,3号出线井给水出舱大样图(六),C:\test\GP-0276-0281 3号出线井给水出舱大样图(一)-(六).dwg,.\GP-0276-0281 3号出线井给水出舱大样图(一)-(六).dwg,0281 3号出线井给水出舱大样图(六),A2203,,1:100,李东洋,A2,李 涛,李涛 李恺琳
43,gE159E4F1-7C50-47D5-B796-3F5D27834B2A,282-287 20号综合竖井给水出舱大样图,284,g54016A41-2A1A-421E-A377-EE4599C2B245,0282,20号综合竖井给水出舱大样图(一),C:\test\GP-0282-0287 20号综合竖井给水出舱大样图(一)-(六).dwg,.\GP-0282-0287 20号综合竖井给水出舱大样图(一)-(六).dwg,0282 20号综合竖井给水出舱大样图(一),A0EB1,,1:100,李东洋,A2,李 涛,李涛 李恺琳
43,gE159E4F1-7C50-47D5-B796-3F5D27834B2A,282-287 20号综合竖井给水出舱大样图,285,gF6A66C9F-4628-444F-818C-203D68C16A58,0283,20号综合竖井给水出舱大样图(二),C:\test\GP-0282-0287 20号综合竖井给水出舱大样图(一)-(六).dwg,.\GP-0282-0287 20号综合竖井给水出舱大样图(一)-(六).dwg,0283 20号综合竖井给水出舱大样图(二),A1297,,1:100,李东洋,A2,李 涛,李涛 李恺琳
43,gE159E4F1-7C50-47D5-B796-3F5D27834B2A,282-287 20号综合竖井给水出舱大样图,286,g5D8D1397-BD19-4DB8-9A07-3A1F0F77C986,0284,20号综合竖井给水出舱大样图(三),C:\test\GP-0282-0287 20号综合竖井给水出舱大样图(一)-(六).dwg,.\GP-0282-0287 20号综合竖井给水出舱大样图(一)-(六).dwg,0284 20号综合竖井给水出舱大样图(三),A1672,,1:100,李东洋,A2,李 涛,李涛 李恺琳
43,gE159E4F1-7C50-47D5-B796-3F5D27834B2A,282-287 20号综合竖井给水出舱大样图,287,g9789EDE1-F523-489E-8EFF-CAA8BECADF78,0285,20号综合竖井给水出舱大样图(四),C:\test\GP-0282-0287 20号综合竖井给水出舱大样图(一)-(六).dwg,.\GP-0282-0287 20号综合竖井给水出舱大样图(一)-(六).dwg,0285 20号综合竖井给水出舱大样图(四),A1A4D,,1:100,李东洋,A2,李 涛,李涛 李恺琳
43,gE159E4F1-7C50-47D5-B796-3F5D27834B2A,282-287 20号综合竖井给水出舱大样图,288,gF184E2B2-B83F-478A-A980-870958760A10,0286,20号综合竖井给水出舱大样图(五),C:\test\GP-0282-0287 20号综合竖井给水出舱大样图(一)-(六).dwg,.\GP-0282-0287 20号综合竖井给水出舱大样图(一)-(六).dwg,0286 20号综合竖井给水出舱大样图(五),A1E28,,1:100,李东洋,A2,李 涛,李涛 李恺琳
43,gE159E4F1-7C50-47D5-B796-3F5D27834B2A,282-287 20号综合竖井给水出舱大样图,289,gE9208A83-C8B5-4C5F-B387-93AEFE05EF9C,0287,20号综合竖井给水出舱大样图(六),C:\test\GP-0282-0287 20号综合竖井给水出舱大样图(一)-(六).dwg,.\GP-0282-0287 20号综合竖井给水出舱大样图(一)-(六).dwg,0287 20号综合竖井给水出舱大样图(六),A2203,,1:100,李东洋,A2,李 涛,李涛 李恺琳
44,gDE39DDAD-B68F-4E27-9291-ABF6B01666E7,288-293 21号综合竖井给水出舱大样图,290,g8E47E2AA-B84A-4F3B-B1BD-8A7DE58537DA,0288,21号综合竖井给水出舱大样图(一),C:\test\GP-0288-0293 21号综合竖井给水出舱大样图(一)-(六).dwg,.\GP-0288-0293 21号综合竖井给水出舱大样图(一)-(六).dwg,0288 21号综合竖井给水出舱大样图(一),A0EB1,,1:100,李东洋,A2,李 涛,李涛 李恺琳
44,gDE39DDAD-B68F-4E27-9291-ABF6B01666E7,288-293 21号综合竖井给水出舱大样图,291,g620ABAFD-0558-4DDA-8CD6-5445BC093DB1,0289,21号综合竖井给水出舱大样图(二),C:\test\GP-0288-0293 21号综合竖井给水出舱大样图(一)-(六).dwg,.\GP-0288-0293 21号综合竖井给水出舱大样图(一)-(六).dwg,0289 21号综合竖井给水出舱大样图(二),A1297,,1:100,李东洋,A2,李 涛,李涛 李恺琳
44,gDE39DDAD-B68F-4E27-9291-ABF6B01666E7,288-293 21号综合竖井给水出舱大样图,292,gA5E50E5C-44CE-44D0-9EB2-74D0DAD769B0,0290,21号综合竖井给水出舱大样图(三),C:\test\GP-0288-0293 21号综合竖井给水出舱大样图(一)-(六).dwg,.\GP-0288-0293 21号综合竖井给水出舱大样图(一)-(六).dwg,0290 21号综合竖井给水出舱大样图(三),A1672,,1:100,李东洋,A2,李 涛,李涛 李恺琳
44,gDE39DDAD-B68F-4E27-9291-ABF6B01666E7,288-293 21号综合竖井给水出舱大样图,293,gE3A4564E-976A-49C7-AAEC-E12AFEC1DDF9,0291,21号综合竖井给水出舱大样图(四),C:\test\GP-0288-0293 21号综合竖井给水出舱大样图(一)-(六).dwg,.\GP-0288-0293 21号综合竖井给水出舱大样图(一)-(六).dwg,0291 21号综合竖井给水出舱大样图(四),A1A4D,,1:100,李东洋,A2,李 涛,李涛 李恺琳
44,gDE39DDAD-B68F-4E27-9291-ABF6B01666E7,288-293 21号综合竖井给水出舱大样图,294,gB1795A58-395C-4768-9526-29AEA785009C,0292,21号综合竖井给水出舱大样图(五),C:\test\GP-0288-0293 21号综合竖井给水出舱大样图(一)-(六).dwg,.\GP-0288-0293 21号综合竖井给水出舱大样图(一)-(六).dwg,0292 21号综合竖井给水出舱大样图(五),A1E28,,1:100,李东洋,A2,李 涛,李涛 李恺琳
44,gDE39DDAD-B68F-4E27-9291-ABF6B01666E7,288-293 21号综合竖井给水出舱大样图,295,g21A094F9-79B9-4002-805D-FD3D4F386789,0293,21号综合竖井给水出舱大样图(六),C:\test\GP-0288-0293 21号综合竖井给水出舱大样图(一)-(六).dwg,.\GP-0288-0293 21号综合竖井给水出舱大样图(一)-(六).dwg,0293 21号综合竖井给水出舱大样图(六),A2203,,1:100,李东洋,A2,李 涛,李涛 李恺琳
45,g234DFA0C-1C9A-480C-9A0F-BDF49160F288,294-296 坪山明挖段给水出舱节点大样图,296,gD8249B46-78B5-4600-BC89-F7609A23622E,0294,坪山明挖段给水出舱节点大样图(一),C:\test\GP-0294-0296 坪山明挖段给水出舱节点大样图(一)-(三).dwg,.\GP-0294-0296 坪山明挖段给水出舱节点大样图(一)-(三).dwg,0294 坪山明挖段给水出舱节点大样图(一),21D6F3,,1:100,李恺琳,A2,李 涛,李涛 李恺琳
45,g234DFA0C-1C9A-480C-9A0F-BDF49160F288,294-296 坪山明挖段给水出舱节点大样图,297,g44715DD7-DB78-499B-B7ED-DF80B372C0AE,0295,坪山明挖段给水出舱节点大样图(二),C:\test\GP-0294-0296 坪山明挖段给水出舱节点大样图(一)-(三).dwg,.\GP-0294-0296 坪山明挖段给水出舱节点大样图(一)-(三).dwg,0295 坪山明挖段给水出舱节点大样图(二),21DAD8,,1:100,李恺琳,A2,李 涛,李涛 李恺琳
45,g234DFA0C-1C9A-480C-9A0F-BDF49160F288,294-296 坪山明挖段给水出舱节点大样图,298,g57678002-795A-467A-903C-6218C8579D20,0296,坪山明挖段给水出舱节点大样图(三),C:\test\GP-0294-0296 坪山明挖段给水出舱节点大样图(一)-(三).dwg,.\GP-0294-0296 坪山明挖段给水出舱节点大样图(一)-(三).dwg,0296 坪山明挖段给水出舱节点大样图(三),21DEB2,,1:100,李恺琳,A2,李 涛,李涛 李恺琳
